Stimulus Name,Actual Outcome
pilot-containment-bowl-redyellow_0001_img,False
pilot-containment-bowl-redyellow_0002_img,True
pilot-containment-bowl-redyellow_0003_img,True
pilot-containment-bowl-redyellow_0005_img,False
pilot-containment-bowl-redyellow_0007_img,False
pilot-containment-bowl-redyellow_0008_img,False
pilot-containment-bowl-redyellow_0009_img,False
pilot-containment-bowl-redyellow_0010_img,False
pilot-containment-bowl-redyellow_0013_img,True
pilot-containment-bowl-redyellow_0014_img,True
pilot-containment-bowl-redyellow_0015_img,False
pilot-containment-bowl-redyellow_0016_img,False
pilot-containment-bowl-redyellow_0018_img,True
pilot-containment-bowl-redyellow_0019_img,False
pilot-containment-bowl-redyellow_0020_img,False
pilot-containment-bowl-redyellow_0021_img,True
pilot-containment-bowl-redyellow_0022_img,False
pilot-containment-bowl-redyellow_0023_img,False
pilot-containment-bowl-redyellow_0024_img,True
pilot-containment-bowl-redyellow_0025_img,False
pilot-containment-bowl-redyellow_0026_img,False
pilot-containment-bowl-redyellow_0027_img,False
pilot-containment-bowl-redyellow_0028_img,True
pilot-containment-bowl-redyellow_0029_img,True
pilot-containment-bowl-redyellow_0030_img,False
pilot-containment-bowl-redyellow_0031_img,False
pilot-containment-bowl-redyellow_0032_img,True
pilot-containment-bowl-redyellow_0033_img,False
pilot-containment-bowl-redyellow_0034_img,True
pilot-containment-box-redyellow_0000_img,False
pilot-containment-box-redyellow_0002_img,False
pilot-containment-box-redyellow_0003_img,True
pilot-containment-box-redyellow_0004_img,True
pilot-containment-box-redyellow_0006_img,False
pilot-containment-box-redyellow_0007_img,True
pilot-containment-box-redyellow_0008_img,True
pilot-containment-box-redyellow_0011_img,False
pilot-containment-box-redyellow_0012_img,True
pilot-containment-box-redyellow_0013_img,True
pilot-containment-box-redyellow_0014_img,True
pilot-containment-box-redyellow_0015_img,True
pilot-containment-box-redyellow_0016_img,True
pilot-containment-box-redyellow_0017_img,True
pilot-containment-box-redyellow_0018_img,False
pilot-containment-box-redyellow_0019_img,False
pilot-containment-box-redyellow_0020_img,False
pilot-containment-box-redyellow_0021_img,True
pilot-containment-box-redyellow_0022_img,False
pilot-containment-box-redyellow_0023_img,True
pilot-containment-box-redyellow_0024_img,False
pilot-containment-cone-plate-redyellow_0000_img,True
pilot-containment-cone-plate-redyellow_0001_img,False
pilot-containment-cone-plate-redyellow_0002_img,False
pilot-containment-cone-plate-redyellow_0003_img,True
pilot-containment-cone-plate-redyellow_0004_img,True
pilot-containment-cone-plate-redyellow_0005_img,False
pilot-containment-cone-plate-redyellow_0006_img,True
pilot-containment-cone-plate-redyellow_0007_img,False
pilot-containment-cone-plate-redyellow_0008_img,True
pilot-containment-cone-plate-redyellow_0010_img,True
pilot-containment-cone-plate-redyellow_0011_img,True
pilot-containment-cone-plate-redyellow_0012_img,False
pilot-containment-cone-plate-redyellow_0013_img,True
pilot-containment-cone-plate-redyellow_0015_img,True
pilot-containment-cone-plate-redyellow_0016_img,True
pilot-containment-cone-plate-redyellow_0017_img,False
pilot-containment-cone-plate-redyellow_0019_img,True
pilot-containment-cone-plate-redyellow_0020_img,True
pilot-containment-cone-plate-redyellow_0021_img,True
pilot-containment-cone-plate-redyellow_0022_img,True
pilot-containment-cone-plate-redyellow_0024_img,True
pilot-containment-cylinder-bowl-redyellow_0001_img,False
pilot-containment-cylinder-bowl-redyellow_0002_img,False
pilot-containment-cylinder-bowl-redyellow_0003_img,False
pilot-containment-cylinder-bowl-redyellow_0004_img,True
pilot-containment-cylinder-bowl-redyellow_0006_img,True
pilot-containment-cylinder-bowl-redyellow_0007_img,True
pilot-containment-cylinder-bowl-redyellow_0008_img,True
pilot-containment-cylinder-bowl-redyellow_0010_img,True
pilot-containment-cylinder-bowl-redyellow_0011_img,True
pilot-containment-cylinder-bowl-redyellow_0015_img,False
pilot-containment-cylinder-bowl-redyellow_0016_img,True
pilot-containment-cylinder-bowl-redyellow_0018_img,True
pilot-containment-cylinder-bowl-redyellow_0020_img,False
pilot-containment-cylinder-bowl-redyellow_0021_img,False
pilot-containment-cylinder-bowl-redyellow_0022_img,False
pilot-containment-cylinder-bowl-redyellow_0023_img,False
pilot-containment-cylinder-bowl-redyellow_0024_img,True
pilot-containment-multi-bowl-redyellow_0000_img,True
pilot-containment-multi-bowl-redyellow_0001_img,False
pilot-containment-multi-bowl-redyellow_0003_img,False
pilot-containment-multi-bowl-redyellow_0004_img,False
pilot-containment-multi-bowl-redyellow_0005_img,True
pilot-containment-multi-bowl-redyellow_0006_img,True
pilot-containment-multi-bowl-redyellow_0007_img,False
pilot-containment-multi-bowl-redyellow_0008_img,True
pilot-containment-multi-bowl-redyellow_0009_img,True
pilot-containment-multi-bowl-redyellow_0010_img,True
pilot-containment-multi-bowl-redyellow_0011_img,False
pilot-containment-multi-bowl-redyellow_0012_img,True
pilot-containment-multi-bowl-redyellow_0014_img,False
pilot-containment-multi-bowl-redyellow_0015_img,True
pilot-containment-multi-bowl-redyellow_0016_img,True
pilot-containment-multi-bowl-redyellow_0018_img,False
pilot-containment-multi-bowl-redyellow_0019_img,True
pilot-containment-multi-bowl-redyellow_0020_img,False
pilot-containment-multi-bowl-redyellow_0021_img,True
pilot-containment-multi-bowl-redyellow_0022_img,False
pilot-containment-multi-bowl-redyellow_0023_img,True
pilot-containment-torus-redyellow_0000_img,True
pilot-containment-torus-redyellow_0001_img,True
pilot-containment-torus-redyellow_0002_img,True
pilot-containment-torus-redyellow_0003_img,True
pilot-containment-torus-redyellow_0004_img,False
pilot-containment-torus-redyellow_0005_img,False
pilot-containment-torus-redyellow_0006_img,True
pilot-containment-torus-redyellow_0007_img,False
pilot-containment-torus-redyellow_0008_img,True
pilot-containment-torus-redyellow_0009_img,False
pilot-containment-torus-redyellow_0010_img,False
pilot-containment-torus-redyellow_0012_img,False
pilot-containment-torus-redyellow_0013_img,False
pilot-containment-torus-redyellow_0014_img,False
pilot-containment-torus-redyellow_0015_img,True
pilot-containment-torus-redyellow_0020_img,True
pilot-containment-torus-redyellow_0021_img,False
pilot-containment-torus-redyellow_0024_img,False
pilot-containment-vase-redyellow_0000_img,False
pilot-containment-vase-redyellow_0001_img,True
pilot-containment-vase-redyellow_0002_img,True
pilot-containment-vase-redyellow_0003_img,False
pilot-containment-vase-redyellow_0004_img,False
pilot-containment-vase-redyellow_0005_img,False
pilot-containment-vase-redyellow_0006_img,True
pilot-containment-vase-redyellow_0007_img,False
pilot-containment-vase-redyellow_0008_img,False
pilot-containment-vase-redyellow_0009_img,False
pilot-containment-vase-redyellow_0010_img,False
pilot-containment-vase-redyellow_0012_img,False
pilot-containment-vase-redyellow_0013_img,False
pilot-containment-vase-redyellow_0014_img,True
pilot-containment-vase-redyellow_0015_img,False
pilot-containment-vase-redyellow_0016_img,True
pilot-containment-vase-redyellow_0018_img,True
pilot-containment-vase-redyellow_0019_img,True
pilot-containment-vase-redyellow_0020_img,False
pilot-containment-vase-redyellow_0021_img,True
pilot-containment-vase-redyellow_0022_img,False
pilot-containment-vase-redyellow_0023_img,False
pilot-containment-vase-redyellow_0024_img,False
pilot_dominoes_0mid_d3chairs_o1plants_tdwroom-redyellow_0001_img,True
pilot_dominoes_0mid_d3chairs_o1plants_tdwroom-redyellow_0004_img,False
pilot_dominoes_0mid_d3chairs_o1plants_tdwroom-redyellow_0005_img,False
pilot_dominoes_0mid_d3chairs_o1plants_tdwroom-redyellow_0007_img,False
pilot_dominoes_0mid_d3chairs_o1plants_tdwroom-redyellow_0008_img,False
pilot_dominoes_0mid_d3chairs_o1plants_tdwroom-redyellow_0012_img,False
pilot_dominoes_0mid_d3chairs_o1plants_tdwroom-redyellow_0013_img,False
pilot_dominoes_0mid_d3chairs_o1plants_tdwroom-redyellow_0016_img,False
pilot_dominoes_0mid_d3chairs_o1plants_tdwroom-redyellow_0017_img,False
pilot_dominoes_0mid_d3chairs_o1plants_tdwroom-redyellow_0018_img,True
pilot_dominoes_0mid_d3chairs_o1plants_tdwroom-redyellow_0019_img,False
pilot_dominoes_0mid_d3chairs_o1plants_tdwroom-redyellow_0020_img,False
pilot_dominoes_0mid_d3chairs_o1plants_tdwroom-redyellow_0021_img,False
pilot_dominoes_0mid_d3chairs_o1plants_tdwroom-redyellow_0022_img,False
pilot_dominoes_0mid_d3chairs_o1plants_tdwroom-redyellow_0025_img,False
pilot_dominoes_0mid_d3chairs_o1plants_tdwroom-redyellow_0026_img,False
pilot_dominoes_0mid_d3chairs_o1plants_tdwroom-redyellow_0027_img,False
pilot_dominoes_1mid_J025R45_boxroom-redyellow_0000_img,False
pilot_dominoes_1mid_J025R45_boxroom-redyellow_0003_img,True
pilot_dominoes_1mid_J025R45_boxroom-redyellow_0004_img,True
pilot_dominoes_1mid_J025R45_boxroom-redyellow_0005_img,True
pilot_dominoes_1mid_J025R45_boxroom-redyellow_0006_img,True
pilot_dominoes_1mid_J025R45_boxroom-redyellow_0007_img,False
pilot_dominoes_1mid_J025R45_boxroom-redyellow_0009_img,False
pilot_dominoes_1mid_J025R45_boxroom-redyellow_0010_img,False
pilot_dominoes_1mid_J025R45_boxroom-redyellow_0015_img,False
pilot_dominoes_1mid_J025R45_boxroom-redyellow_0017_img,False
pilot_dominoes_1mid_J025R45_boxroom-redyellow_0019_img,True
pilot_dominoes_1mid_J025R45_boxroom-redyellow_0020_img,True
pilot_dominoes_1mid_J025R45_boxroom-redyellow_0022_img,True
pilot_dominoes_1mid_J025R45_boxroom-redyellow_0023_img,True
pilot_dominoes_1mid_J025R45_boxroom-redyellow_0025_img,True
pilot_dominoes_1mid_J025R45_boxroom-redyellow_0026_img,False
pilot_dominoes_1mid_J025R45_boxroom-redyellow_0027_img,True
pilot_dominoes_1mid_J025R45_boxroom-redyellow_0029_img,True
pilot_dominoes_1mid_J025R45_o1full_tdwroom-redyellow_0000_img,True
pilot_dominoes_1mid_J025R45_o1full_tdwroom-redyellow_0001_img,False
pilot_dominoes_1mid_J025R45_o1full_tdwroom-redyellow_0002_img,True
pilot_dominoes_1mid_J025R45_o1full_tdwroom-redyellow_0003_img,True
pilot_dominoes_1mid_J025R45_o1full_tdwroom-redyellow_0004_img,True
pilot_dominoes_1mid_J025R45_o1full_tdwroom-redyellow_0005_img,True
pilot_dominoes_1mid_J025R45_o1full_tdwroom-redyellow_0006_img,True
pilot_dominoes_1mid_J025R45_o1full_tdwroom-redyellow_0007_img,False
pilot_dominoes_1mid_J025R45_o1full_tdwroom-redyellow_0008_img,True
pilot_dominoes_1mid_J025R45_o1full_tdwroom-redyellow_0009_img,False
pilot_dominoes_1mid_J025R45_o1full_tdwroom-redyellow_0010_img,True
pilot_dominoes_1mid_J025R45_o1full_tdwroom-redyellow_0014_img,True
pilot_dominoes_1mid_J025R45_o1full_tdwroom-redyellow_0015_img,True
pilot_dominoes_1mid_J025R45_o1full_tdwroom-redyellow_0017_img,False
pilot_dominoes_1mid_J025R45_o1full_tdwroom-redyellow_0020_img,True
pilot_dominoes_1mid_J025R45_o1full_tdwroom-redyellow_0021_img,True
pilot_dominoes_1mid_J025R45_o1full_tdwroom-redyellow_0023_img,False
pilot_dominoes_1mid_J025R45_o1full_tdwroom-redyellow_0024_img,False
pilot_dominoes_1mid_J025R45_o1full_tdwroom-redyellow_0025_img,False
pilot_dominoes_1mid_J025R45_o1full_tdwroom-redyellow_0026_img,True
pilot_dominoes_1mid_J025R45_o1full_tdwroom-redyellow_0028_img,False
pilot_dominoes_2mid_J020R15_d3chairs_o1plants_tdwroom-redyellow_0000_img,True
pilot_dominoes_2mid_J020R15_d3chairs_o1plants_tdwroom-redyellow_0001_img,True
pilot_dominoes_2mid_J020R15_d3chairs_o1plants_tdwroom-redyellow_0002_img,False
pilot_dominoes_2mid_J020R15_d3chairs_o1plants_tdwroom-redyellow_0004_img,False
pilot_dominoes_2mid_J020R15_d3chairs_o1plants_tdwroom-redyellow_0005_img,False
pilot_dominoes_2mid_J020R15_d3chairs_o1plants_tdwroom-redyellow_0007_img,False
pilot_dominoes_2mid_J020R15_d3chairs_o1plants_tdwroom-redyellow_0008_img,True
pilot_dominoes_2mid_J020R15_d3chairs_o1plants_tdwroom-redyellow_0009_img,False
pilot_dominoes_2mid_J020R15_d3chairs_o1plants_tdwroom-redyellow_0012_img,True
pilot_dominoes_2mid_J020R15_d3chairs_o1plants_tdwroom-redyellow_0013_img,False
pilot_dominoes_2mid_J020R15_d3chairs_o1plants_tdwroom-redyellow_0019_img,True
pilot_dominoes_2mid_J020R15_d3chairs_o1plants_tdwroom-redyellow_0020_img,False
pilot_dominoes_2mid_J020R15_d3chairs_o1plants_tdwroom-redyellow_0021_img,True
pilot_dominoes_2mid_J020R15_d3chairs_o1plants_tdwroom-redyellow_0023_img,True
pilot_dominoes_2mid_J020R15_d3chairs_o1plants_tdwroom-redyellow_0024_img,False
pilot_dominoes_2mid_J020R15_d3chairs_o1plants_tdwroom-redyellow_0028_img,True
pilot_dominoes_2mid_J020R15_d3chairs_o1plants_tdwroom_2-redyellow_0002_img,False
pilot_dominoes_2mid_J020R15_d3chairs_o1plants_tdwroom_2-redyellow_0003_img,True
pilot_dominoes_2mid_J020R15_d3chairs_o1plants_tdwroom_2-redyellow_0006_img,True
pilot_dominoes_2mid_J020R15_d3chairs_o1plants_tdwroom_2-redyellow_0007_img,False
pilot_dominoes_2mid_J020R15_d3chairs_o1plants_tdwroom_2-redyellow_0008_img,True
pilot_dominoes_2mid_J020R15_d3chairs_o1plants_tdwroom_2-redyellow_0009_img,False
pilot_dominoes_2mid_J020R15_d3chairs_o1plants_tdwroom_2-redyellow_0010_img,True
pilot_dominoes_2mid_J020R15_d3chairs_o1plants_tdwroom_2-redyellow_0011_img,True
pilot_dominoes_2mid_J020R15_d3chairs_o1plants_tdwroom_2-redyellow_0012_img,True
pilot_dominoes_2mid_J020R15_d3chairs_o1plants_tdwroom_2-redyellow_0016_img,False
pilot_dominoes_2mid_J020R15_d3chairs_o1plants_tdwroom_2-redyellow_0017_img,False
pilot_dominoes_2mid_J020R15_d3chairs_o1plants_tdwroom_2-redyellow_0020_img,False
pilot_dominoes_2mid_J020R15_d3chairs_o1plants_tdwroom_2-redyellow_0021_img,True
pilot_dominoes_2mid_J020R15_d3chairs_o1plants_tdwroom_2-redyellow_0022_img,False
pilot_dominoes_2mid_J020R15_d3chairs_o1plants_tdwroom_2-redyellow_0023_img,True
pilot_dominoes_2mid_J020R15_d3chairs_o1plants_tdwroom_2-redyellow_0024_img,False
pilot_dominoes_2mid_J020R15_d3chairs_o1plants_tdwroom_2-redyellow_0025_img,True
pilot_dominoes_2mid_J020R15_d3chairs_o1plants_tdwroom_2-redyellow_0026_img,False
pilot_dominoes_2mid_J020R15_d3chairs_o1plants_tdwroom_2-redyellow_0028_img,True
pilot_dominoes_2mid_J020R15_d3chairs_o1plants_tdwroom_2-redyellow_0029_img,True
pilot_dominoes_2mid_J025R30_tdwroom-redyellow_0000_img,False
pilot_dominoes_2mid_J025R30_tdwroom-redyellow_0003_img,False
pilot_dominoes_2mid_J025R30_tdwroom-redyellow_0005_img,False
pilot_dominoes_2mid_J025R30_tdwroom-redyellow_0006_img,True
pilot_dominoes_2mid_J025R30_tdwroom-redyellow_0007_img,True
pilot_dominoes_2mid_J025R30_tdwroom-redyellow_0008_img,False
pilot_dominoes_2mid_J025R30_tdwroom-redyellow_0012_img,False
pilot_dominoes_2mid_J025R30_tdwroom-redyellow_0014_img,True
pilot_dominoes_2mid_J025R30_tdwroom-redyellow_0015_img,True
pilot_dominoes_2mid_J025R30_tdwroom-redyellow_0016_img,False
pilot_dominoes_2mid_J025R30_tdwroom-redyellow_0018_img,True
pilot_dominoes_2mid_J025R30_tdwroom-redyellow_0019_img,False
pilot_dominoes_2mid_J025R30_tdwroom-redyellow_0022_img,False
pilot_dominoes_2mid_J025R30_tdwroom-redyellow_0024_img,True
pilot_dominoes_2mid_J025R30_tdwroom-redyellow_0027_img,False
pilot_dominoes_2mid_J025R30_tdwroom-redyellow_0028_img,True
pilot_dominoes_2mid_J025R30_tdwroom-redyellow_0029_img,True
pilot_dominoes_4midRM1_boxroom-redyellow_0001_img,False
pilot_dominoes_4midRM1_boxroom-redyellow_0002_img,False
pilot_dominoes_4midRM1_boxroom-redyellow_0003_img,False
pilot_dominoes_4midRM1_boxroom_2-redyellow_0000_img,False
pilot_dominoes_4midRM1_boxroom_2-redyellow_0004_img,False
pilot_dominoes_4midRM1_boxroom_2-redyellow_0005_img,False
pilot_dominoes_4midRM1_tdwroom-redyellow_0000_img,False
pilot_dominoes_4midRM1_tdwroom-redyellow_0001_img,False
pilot_dominoes_4midRM1_tdwroom-redyellow_0003_img,False
pilot_dominoes_4midRM1_tdwroom-redyellow_0004_img,False
pilot_dominoes_4midRM1_tdwroom-redyellow_0006_img,False
pilot_dominoes_4midRM1_tdwroom_2-redyellow_0002_img,False
pilot_dominoes_4mid_boxroom-redyellow_0001_img,True
pilot_dominoes_4mid_boxroom-redyellow_0002_img,True
pilot_dominoes_4mid_boxroom-redyellow_0003_img,True
pilot_dominoes_4mid_boxroom-redyellow_0006_img,True
pilot_dominoes_4mid_boxroom_2-redyellow_0000_img,True
pilot_dominoes_4mid_boxroom_2-redyellow_0002_img,True
pilot_dominoes_4mid_boxroom_2-redyellow_0003_img,True
pilot_dominoes_4mid_boxroom_2-redyellow_0004_img,True
pilot_dominoes_4mid_tdwroom-redyellow_0001_img,True
pilot_dominoes_4mid_tdwroom-redyellow_0002_img,True
pilot_dominoes_4mid_tdwroom-redyellow_0005_img,True
pilot_dominoes_SJ020_d3chairs_o1plants_tdwroom-redyellow_0002_img,True
pilot_dominoes_SJ020_d3chairs_o1plants_tdwroom-redyellow_0005_img,True
pilot_dominoes_SJ020_d3chairs_o1plants_tdwroom-redyellow_0006_img,True
pilot_dominoes_SJ020_d3chairs_o1plants_tdwroom-redyellow_0007_img,False
pilot_dominoes_SJ020_d3chairs_o1plants_tdwroom-redyellow_0008_img,False
pilot_dominoes_SJ020_d3chairs_o1plants_tdwroom-redyellow_0010_img,False
pilot_dominoes_SJ020_d3chairs_o1plants_tdwroom-redyellow_0011_img,True
pilot_dominoes_SJ020_d3chairs_o1plants_tdwroom-redyellow_0012_img,True
pilot_dominoes_SJ020_d3chairs_o1plants_tdwroom-redyellow_0013_img,True
pilot_dominoes_SJ020_d3chairs_o1plants_tdwroom-redyellow_0015_img,False
pilot_dominoes_SJ020_d3chairs_o1plants_tdwroom-redyellow_0016_img,True
pilot_dominoes_SJ020_d3chairs_o1plants_tdwroom-redyellow_0018_img,True
pilot_dominoes_SJ020_d3chairs_o1plants_tdwroom-redyellow_0021_img,True
pilot_dominoes_SJ020_d3chairs_o1plants_tdwroom-redyellow_0022_img,False
pilot_dominoes_SJ020_d3chairs_o1plants_tdwroom-redyellow_0023_img,True
pilot_dominoes_SJ020_d3chairs_o1plants_tdwroom-redyellow_0024_img,False
pilot_dominoes_SJ020_d3chairs_o1plants_tdwroom-redyellow_0028_img,False
pilot_dominoes_SJ020_d3chairs_o1plants_tdwroom-redyellow_0029_img,True
pilot_it2_collision_assorted_targets_box-redyellow_0001_img,True
pilot_it2_collision_assorted_targets_box-redyellow_0005_img,False
pilot_it2_collision_assorted_targets_box-redyellow_0009_img,True
pilot_it2_collision_assorted_targets_box_1_dis_1_occ-redyellow_0000_img,False
pilot_it2_collision_assorted_targets_box_1_dis_1_occ-redyellow_0001_img,True
pilot_it2_collision_assorted_targets_box_1_dis_1_occ-redyellow_0002_img,False
pilot_it2_collision_assorted_targets_box_1_dis_1_occ-redyellow_0004_img,False
pilot_it2_collision_assorted_targets_box_1_dis_1_occ-redyellow_0006_img,False
pilot_it2_collision_assorted_targets_box_1_dis_1_occ-redyellow_0008_img,False
pilot_it2_collision_assorted_targets_box_2_dis_2_occ-redyellow_0000_img,True
pilot_it2_collision_assorted_targets_box_2_dis_2_occ-redyellow_0001_img,False
pilot_it2_collision_assorted_targets_box_2_dis_2_occ-redyellow_0002_img,True
pilot_it2_collision_assorted_targets_box_2_dis_2_occ-redyellow_0004_img,True
pilot_it2_collision_assorted_targets_box_2_dis_2_occ-redyellow_0007_img,True
pilot_it2_collision_assorted_targets_box_2_dis_2_occ-redyellow_0008_img,False
pilot_it2_collision_assorted_targets_tdw_1_dis_1_occ-redyellow_0000_img,False
pilot_it2_collision_assorted_targets_tdw_1_dis_1_occ-redyellow_0002_img,True
pilot_it2_collision_assorted_targets_tdw_1_dis_1_occ-redyellow_0003_img,False
pilot_it2_collision_assorted_targets_tdw_1_dis_1_occ-redyellow_0004_img,False
pilot_it2_collision_assorted_targets_tdw_1_dis_1_occ-redyellow_0005_img,True
pilot_it2_collision_assorted_targets_tdw_1_dis_1_occ-redyellow_0007_img,True
pilot_it2_collision_assorted_targets_tdw_1_dis_1_occ-redyellow_0008_img,False
pilot_it2_collision_assorted_targets_tdw_1_dis_1_occ-redyellow_0009_img,False
pilot_it2_collision_assorted_targets_tdw_2_dis_2_occ-redyellow_0000_img,True
pilot_it2_collision_assorted_targets_tdw_2_dis_2_occ-redyellow_0002_img,False
pilot_it2_collision_assorted_targets_tdw_2_dis_2_occ-redyellow_0004_img,False
pilot_it2_collision_assorted_targets_tdw_2_dis_2_occ-redyellow_0006_img,False
pilot_it2_collision_assorted_targets_tdw_2_dis_2_occ-redyellow_0007_img,False
pilot_it2_collision_assorted_targets_tdw_2_dis_2_occ-redyellow_0008_img,True
pilot_it2_collision_assorted_targets_tdw_2_dis_2_occ-redyellow_0009_img,True
pilot_it2_collision_non-sphere_box-redyellow_0001_img,True
pilot_it2_collision_non-sphere_box-redyellow_0004_img,False
pilot_it2_collision_non-sphere_box-redyellow_0005_img,True
pilot_it2_collision_non-sphere_box-redyellow_0006_img,True
pilot_it2_collision_non-sphere_box-redyellow_0007_img,False
pilot_it2_collision_non-sphere_box-redyellow_0008_img,True
pilot_it2_collision_non-sphere_box_1_dis_1_occ-redyellow_0000_img,False
pilot_it2_collision_non-sphere_box_1_dis_1_occ-redyellow_0001_img,True
pilot_it2_collision_non-sphere_box_1_dis_1_occ-redyellow_0002_img,False
pilot_it2_collision_non-sphere_box_1_dis_1_occ-redyellow_0003_img,False
pilot_it2_collision_non-sphere_box_1_dis_1_occ-redyellow_0005_img,True
pilot_it2_collision_non-sphere_box_1_dis_1_occ-redyellow_0006_img,True
pilot_it2_collision_non-sphere_box_1_dis_1_occ-redyellow_0009_img,False
pilot_it2_collision_non-sphere_box_2_dis_2_occ-redyellow_0000_img,True
pilot_it2_collision_non-sphere_box_2_dis_2_occ-redyellow_0003_img,True
pilot_it2_collision_non-sphere_box_2_dis_2_occ-redyellow_0004_img,False
pilot_it2_collision_non-sphere_box_2_dis_2_occ-redyellow_0007_img,False
pilot_it2_collision_non-sphere_box_2_dis_2_occ-redyellow_0008_img,False
pilot_it2_collision_non-sphere_box_2_dis_2_occ-redyellow_0009_img,True
pilot_it2_collision_non-sphere_tdw_1_dis_1_occ-redyellow_0000_img,False
pilot_it2_collision_non-sphere_tdw_1_dis_1_occ-redyellow_0002_img,True
pilot_it2_collision_non-sphere_tdw_1_dis_1_occ-redyellow_0004_img,True
pilot_it2_collision_non-sphere_tdw_1_dis_1_occ-redyellow_0007_img,True
pilot_it2_collision_non-sphere_tdw_1_dis_1_occ-redyellow_0008_img,False
pilot_it2_collision_non-sphere_tdw_1_dis_1_occ-redyellow_0009_img,True
pilot_it2_collision_non-sphere_tdw_2_dis_2_occ-redyellow_0001_img,False
pilot_it2_collision_non-sphere_tdw_2_dis_2_occ-redyellow_0003_img,True
pilot_it2_collision_non-sphere_tdw_2_dis_2_occ-redyellow_0004_img,False
pilot_it2_collision_non-sphere_tdw_2_dis_2_occ-redyellow_0006_img,True
pilot_it2_collision_non-sphere_tdw_2_dis_2_occ-redyellow_0008_img,False
pilot_it2_collision_non-sphere_tdw_2_dis_2_occ-redyellow_0009_img,True
pilot_it2_collision_simple_box_1_dis_1_occ-redyellow_0001_img,True
pilot_it2_collision_simple_box_1_dis_1_occ-redyellow_0003_img,False
pilot_it2_collision_simple_box_1_dis_1_occ-redyellow_0004_img,False
pilot_it2_collision_simple_box_1_dis_1_occ-redyellow_0005_img,True
pilot_it2_collision_simple_box_1_dis_1_occ-redyellow_0006_img,True
pilot_it2_collision_simple_box_2_dis_2_occ-redyellow_0002_img,True
pilot_it2_collision_simple_box_2_dis_2_occ-redyellow_0004_img,False
pilot_it2_collision_simple_box_2_dis_2_occ-redyellow_0005_img,True
pilot_it2_collision_simple_box_2_dis_2_occ-redyellow_0007_img,True
pilot_it2_collision_simple_box_2_dis_2_occ-redyellow_0008_img,True
pilot_it2_collision_simple_box_2_dis_2_occ-redyellow_0009_img,False
pilot_it2_collision_simple_tdw_2_dis_2_occ-redyellow_0000_img,True
pilot_it2_collision_simple_tdw_2_dis_2_occ-redyellow_0001_img,True
pilot_it2_collision_simple_tdw_2_dis_2_occ-redyellow_0002_img,True
pilot_it2_collision_simple_tdw_2_dis_2_occ-redyellow_0003_img,True
pilot_it2_collision_simple_tdw_2_dis_2_occ-redyellow_0005_img,False
pilot_it2_collision_simple_tdw_2_dis_2_occ-redyellow_0006_img,True
pilot_it2_collision_simple_tdw_2_dis_2_occ-redyellow_0007_img,False
pilot_it2_collision_simple_tdw_2_dis_2_occ-redyellow_0008_img,False
pilot_it2_collision_tiny_ball_box-redyellow_0000_img,True
pilot_it2_collision_tiny_ball_box-redyellow_0001_img,True
pilot_it2_collision_tiny_ball_box-redyellow_0002_img,False
pilot_it2_collision_tiny_ball_box-redyellow_0004_img,True
pilot_it2_collision_tiny_ball_box-redyellow_0005_img,True
pilot_it2_collision_tiny_ball_box-redyellow_0006_img,True
pilot_it2_collision_tiny_ball_box-redyellow_0009_img,False
pilot_it2_collision_tiny_ball_box_1_dis_1_occ-redyellow_0000_img,True
pilot_it2_collision_tiny_ball_box_1_dis_1_occ-redyellow_0001_img,True
pilot_it2_collision_tiny_ball_box_1_dis_1_occ-redyellow_0002_img,False
pilot_it2_collision_tiny_ball_box_1_dis_1_occ-redyellow_0003_img,True
pilot_it2_collision_tiny_ball_box_1_dis_1_occ-redyellow_0004_img,True
pilot_it2_collision_tiny_ball_box_1_dis_1_occ-redyellow_0005_img,True
pilot_it2_collision_tiny_ball_box_1_dis_1_occ-redyellow_0006_img,True
pilot_it2_collision_tiny_ball_box_1_dis_1_occ-redyellow_0007_img,False
pilot_it2_collision_tiny_ball_box_2_dis_2_occ-redyellow_0002_img,True
pilot_it2_collision_tiny_ball_box_2_dis_2_occ-redyellow_0005_img,False
pilot_it2_collision_tiny_ball_box_2_dis_2_occ-redyellow_0006_img,True
pilot_it2_collision_tiny_ball_box_2_dis_2_occ-redyellow_0007_img,True
pilot_it2_collision_tiny_ball_box_2_dis_2_occ-redyellow_0008_img,False
pilot_it2_collision_tiny_ball_tdw_1_dis_1_occ-redyellow_0000_img,True
pilot_it2_collision_tiny_ball_tdw_1_dis_1_occ-redyellow_0001_img,True
pilot_it2_collision_tiny_ball_tdw_1_dis_1_occ-redyellow_0002_img,False
pilot_it2_collision_tiny_ball_tdw_1_dis_1_occ-redyellow_0003_img,False
pilot_it2_collision_tiny_ball_tdw_1_dis_1_occ-redyellow_0004_img,False
pilot_it2_collision_tiny_ball_tdw_1_dis_1_occ-redyellow_0005_img,True
pilot_it2_collision_tiny_ball_tdw_1_dis_1_occ-redyellow_0007_img,False
pilot_it2_collision_tiny_ball_tdw_1_dis_1_occ-redyellow_0008_img,True
pilot_it2_collision_tiny_ball_tdw_2_dis_2_occ-redyellow_0003_img,False
pilot_it2_collision_tiny_ball_tdw_2_dis_2_occ-redyellow_0004_img,False
pilot_it2_collision_tiny_ball_tdw_2_dis_2_occ-redyellow_0005_img,True
pilot_it2_collision_tiny_ball_tdw_2_dis_2_occ-redyellow_0006_img,True
pilot_it2_collision_tiny_ball_tdw_2_dis_2_occ-redyellow_0008_img,True
pilot_it2_collision_tiny_ball_tdw_2_dis_2_occ-redyellow_0009_img,False
pilot_it2_collision_yeet_box-redyellow_0000_img,True
pilot_it2_collision_yeet_box-redyellow_0001_img,False
pilot_it2_collision_yeet_box-redyellow_0002_img,False
pilot_it2_collision_yeet_box-redyellow_0004_img,True
pilot_it2_collision_yeet_box-redyellow_0005_img,True
pilot_it2_collision_yeet_box-redyellow_0007_img,False
pilot_it2_collision_yeet_box-redyellow_0009_img,False
pilot_it2_collision_yeet_box_1_dis_1_occ-redyellow_0000_img,True
pilot_it2_collision_yeet_box_1_dis_1_occ-redyellow_0001_img,False
pilot_it2_collision_yeet_box_1_dis_1_occ-redyellow_0002_img,True
pilot_it2_collision_yeet_box_1_dis_1_occ-redyellow_0003_img,False
pilot_it2_collision_yeet_box_1_dis_1_occ-redyellow_0004_img,True
pilot_it2_collision_yeet_box_1_dis_1_occ-redyellow_0005_img,False
pilot_it2_collision_yeet_box_1_dis_1_occ-redyellow_0006_img,True
pilot_it2_collision_yeet_box_1_dis_1_occ-redyellow_0007_img,False
pilot_it2_collision_yeet_box_1_dis_1_occ-redyellow_0008_img,True
pilot_it2_collision_yeet_box_1_dis_1_occ-redyellow_0009_img,True
pilot_it2_collision_yeet_box_2_dis_2_occ-redyellow_0000_img,False
pilot_it2_collision_yeet_box_2_dis_2_occ-redyellow_0001_img,False
pilot_it2_collision_yeet_box_2_dis_2_occ-redyellow_0002_img,False
pilot_it2_collision_yeet_box_2_dis_2_occ-redyellow_0003_img,False
pilot_it2_collision_yeet_box_2_dis_2_occ-redyellow_0004_img,False
pilot_it2_collision_yeet_box_2_dis_2_occ-redyellow_0006_img,False
pilot_it2_collision_yeet_box_2_dis_2_occ-redyellow_0007_img,False
pilot_it2_collision_yeet_box_2_dis_2_occ-redyellow_0009_img,False
pilot_it2_collision_yeet_tdw_1_dis_1_occ-redyellow_0001_img,False
pilot_it2_collision_yeet_tdw_1_dis_1_occ-redyellow_0003_img,False
pilot_it2_collision_yeet_tdw_1_dis_1_occ-redyellow_0004_img,False
pilot_it2_collision_yeet_tdw_1_dis_1_occ-redyellow_0005_img,False
pilot_it2_collision_yeet_tdw_1_dis_1_occ-redyellow_0006_img,False
pilot_it2_collision_yeet_tdw_1_dis_1_occ-redyellow_0008_img,False
pilot_it2_collision_yeet_tdw_2_dis_2_occ-redyellow_0000_img,False
pilot_it2_collision_yeet_tdw_2_dis_2_occ-redyellow_0003_img,True
pilot_it2_collision_yeet_tdw_2_dis_2_occ-redyellow_0004_img,False
pilot_it2_collision_yeet_tdw_2_dis_2_occ-redyellow_0005_img,True
pilot_it2_collision_yeet_tdw_2_dis_2_occ-redyellow_0007_img,True
pilot_it2_drop_all_bowls_box-redyellow_0001_img,False
pilot_it2_drop_all_bowls_box-redyellow_0003_img,False
pilot_it2_drop_all_bowls_box-redyellow_0004_img,True
pilot_it2_drop_all_bowls_box-redyellow_0006_img,False
pilot_it2_drop_all_bowls_box-redyellow_0008_img,False
pilot_it2_drop_all_bowls_box_1_dis_1_occ-redyellow_0000_img,True
pilot_it2_drop_all_bowls_box_1_dis_1_occ-redyellow_0001_img,False
pilot_it2_drop_all_bowls_box_1_dis_1_occ-redyellow_0002_img,True
pilot_it2_drop_all_bowls_box_1_dis_1_occ-redyellow_0003_img,False
pilot_it2_drop_all_bowls_box_1_dis_1_occ-redyellow_0004_img,False
pilot_it2_drop_all_bowls_box_1_dis_1_occ-redyellow_0005_img,True
pilot_it2_drop_all_bowls_box_1_dis_1_occ-redyellow_0006_img,False
pilot_it2_drop_all_bowls_box_1_dis_1_occ-redyellow_0007_img,False
pilot_it2_drop_all_bowls_box_1_dis_1_occ-redyellow_0008_img,False
pilot_it2_drop_all_bowls_box_2_dis_2_occ-redyellow_0001_img,False
pilot_it2_drop_all_bowls_box_2_dis_2_occ-redyellow_0002_img,False
pilot_it2_drop_all_bowls_box_2_dis_2_occ-redyellow_0003_img,True
pilot_it2_drop_all_bowls_box_2_dis_2_occ-redyellow_0004_img,False
pilot_it2_drop_all_bowls_box_2_dis_2_occ-redyellow_0005_img,True
pilot_it2_drop_all_bowls_box_2_dis_2_occ-redyellow_0006_img,False
pilot_it2_drop_all_bowls_box_2_dis_2_occ-redyellow_0007_img,True
pilot_it2_drop_all_bowls_box_2_dis_2_occ-redyellow_0008_img,True
pilot_it2_drop_all_bowls_box_2_dis_2_occ-redyellow_0009_img,True
pilot_it2_drop_all_bowls_tdw_1_dis_1_occ-redyellow_0000_img,True
pilot_it2_drop_all_bowls_tdw_1_dis_1_occ-redyellow_0001_img,False
pilot_it2_drop_all_bowls_tdw_1_dis_1_occ-redyellow_0002_img,False
pilot_it2_drop_all_bowls_tdw_1_dis_1_occ-redyellow_0003_img,False
pilot_it2_drop_all_bowls_tdw_1_dis_1_occ-redyellow_0004_img,True
pilot_it2_drop_all_bowls_tdw_1_dis_1_occ-redyellow_0005_img,False
pilot_it2_drop_all_bowls_tdw_1_dis_1_occ-redyellow_0007_img,False
pilot_it2_drop_all_bowls_tdw_1_dis_1_occ-redyellow_0008_img,True
pilot_it2_drop_all_bowls_tdw_1_dis_1_occ-redyellow_0009_img,False
pilot_it2_drop_all_bowls_tdw_2_dis_2_occ-redyellow_0000_img,False
pilot_it2_drop_all_bowls_tdw_2_dis_2_occ-redyellow_0001_img,False
pilot_it2_drop_all_bowls_tdw_2_dis_2_occ-redyellow_0002_img,False
pilot_it2_drop_all_bowls_tdw_2_dis_2_occ-redyellow_0003_img,True
pilot_it2_drop_all_bowls_tdw_2_dis_2_occ-redyellow_0004_img,True
pilot_it2_drop_all_bowls_tdw_2_dis_2_occ-redyellow_0005_img,False
pilot_it2_drop_all_bowls_tdw_2_dis_2_occ-redyellow_0006_img,True
pilot_it2_drop_all_bowls_tdw_2_dis_2_occ-redyellow_0007_img,False
pilot_it2_drop_all_bowls_tdw_2_dis_2_occ-redyellow_0008_img,False
pilot_it2_drop_all_bowls_tdw_2_dis_2_occ-redyellow_0009_img,True
pilot_it2_drop_sidezone_box-redyellow_0000_img,False
pilot_it2_drop_sidezone_box-redyellow_0002_img,False
pilot_it2_drop_sidezone_box-redyellow_0003_img,False
pilot_it2_drop_sidezone_box-redyellow_0004_img,False
pilot_it2_drop_sidezone_box-redyellow_0006_img,True
pilot_it2_drop_sidezone_box-redyellow_0008_img,False
pilot_it2_drop_sidezone_box_1_dis_1_occ-redyellow_0000_img,True
pilot_it2_drop_sidezone_box_1_dis_1_occ-redyellow_0001_img,True
pilot_it2_drop_sidezone_box_1_dis_1_occ-redyellow_0002_img,True
pilot_it2_drop_sidezone_box_1_dis_1_occ-redyellow_0003_img,True
pilot_it2_drop_sidezone_box_1_dis_1_occ-redyellow_0004_img,False
pilot_it2_drop_sidezone_box_1_dis_1_occ-redyellow_0005_img,True
pilot_it2_drop_sidezone_box_1_dis_1_occ-redyellow_0006_img,True
pilot_it2_drop_sidezone_box_1_dis_1_occ-redyellow_0007_img,False
pilot_it2_drop_sidezone_box_1_dis_1_occ-redyellow_0008_img,True
pilot_it2_drop_sidezone_box_1_dis_1_occ-redyellow_0009_img,True
pilot_it2_drop_sidezone_box_2_dis_2_occ-redyellow_0000_img,False
pilot_it2_drop_sidezone_box_2_dis_2_occ-redyellow_0001_img,True
pilot_it2_drop_sidezone_box_2_dis_2_occ-redyellow_0002_img,False
pilot_it2_drop_sidezone_box_2_dis_2_occ-redyellow_0004_img,True
pilot_it2_drop_sidezone_box_2_dis_2_occ-redyellow_0005_img,True
pilot_it2_drop_sidezone_box_2_dis_2_occ-redyellow_0006_img,True
pilot_it2_drop_sidezone_box_2_dis_2_occ-redyellow_0007_img,False
pilot_it2_drop_sidezone_box_2_dis_2_occ-redyellow_0008_img,True
pilot_it2_drop_sidezone_box_2_dis_2_occ-redyellow_0009_img,True
pilot_it2_drop_sidezone_tdw_1_dis_1_occ-redyellow_0000_img,False
pilot_it2_drop_sidezone_tdw_1_dis_1_occ-redyellow_0003_img,False
pilot_it2_drop_sidezone_tdw_1_dis_1_occ-redyellow_0004_img,False
pilot_it2_drop_sidezone_tdw_1_dis_1_occ-redyellow_0005_img,True
pilot_it2_drop_sidezone_tdw_1_dis_1_occ-redyellow_0007_img,True
pilot_it2_drop_sidezone_tdw_1_dis_1_occ-redyellow_0009_img,True
pilot_it2_drop_sidezone_tdw_2_dis_2_occ-redyellow_0000_img,False
pilot_it2_drop_sidezone_tdw_2_dis_2_occ-redyellow_0001_img,False
pilot_it2_drop_sidezone_tdw_2_dis_2_occ-redyellow_0002_img,True
pilot_it2_drop_sidezone_tdw_2_dis_2_occ-redyellow_0003_img,True
pilot_it2_drop_sidezone_tdw_2_dis_2_occ-redyellow_0004_img,False
pilot_it2_drop_sidezone_tdw_2_dis_2_occ-redyellow_0005_img,True
pilot_it2_drop_sidezone_tdw_2_dis_2_occ-redyellow_0006_img,False
pilot_it2_drop_sidezone_tdw_2_dis_2_occ-redyellow_0008_img,True
pilot_it2_drop_sidezone_tdw_2_dis_2_occ-redyellow_0009_img,False
pilot_it2_drop_simple_box_1_dis_1_occ-redyellow_0000_img,False
pilot_it2_drop_simple_box_1_dis_1_occ-redyellow_0001_img,False
pilot_it2_drop_simple_box_1_dis_1_occ-redyellow_0002_img,False
pilot_it2_drop_simple_box_1_dis_1_occ-redyellow_0004_img,True
pilot_it2_drop_simple_box_1_dis_1_occ-redyellow_0005_img,False
pilot_it2_drop_simple_box_1_dis_1_occ-redyellow_0007_img,False
pilot_it2_drop_simple_box_1_dis_1_occ-redyellow_0008_img,False
pilot_it2_drop_simple_box_1_dis_1_occ-redyellow_0009_img,True
pilot_it2_drop_simple_box_2_dis_2_occ-redyellow_0000_img,True
pilot_it2_drop_simple_box_2_dis_2_occ-redyellow_0001_img,True
pilot_it2_drop_simple_box_2_dis_2_occ-redyellow_0003_img,True
pilot_it2_drop_simple_box_2_dis_2_occ-redyellow_0004_img,False
pilot_it2_drop_simple_box_2_dis_2_occ-redyellow_0005_img,False
pilot_it2_drop_simple_box_2_dis_2_occ-redyellow_0006_img,False
pilot_it2_drop_simple_box_2_dis_2_occ-redyellow_0007_img,True
pilot_it2_drop_simple_tdw_1_dis_1_occ-redyellow_0002_img,True
pilot_it2_drop_simple_tdw_1_dis_1_occ-redyellow_0003_img,False
pilot_it2_drop_simple_tdw_1_dis_1_occ-redyellow_0004_img,False
pilot_it2_drop_simple_tdw_1_dis_1_occ-redyellow_0006_img,True
pilot_it2_drop_simple_tdw_1_dis_1_occ-redyellow_0009_img,True
pilot_it2_drop_simple_tdw_2_dis_2_occ-redyellow_0000_img,False
pilot_it2_drop_simple_tdw_2_dis_2_occ-redyellow_0001_img,False
pilot_it2_drop_simple_tdw_2_dis_2_occ-redyellow_0002_img,False
pilot_it2_drop_simple_tdw_2_dis_2_occ-redyellow_0003_img,True
pilot_it2_drop_simple_tdw_2_dis_2_occ-redyellow_0004_img,True
pilot_it2_drop_simple_tdw_2_dis_2_occ-redyellow_0005_img,False
pilot_it2_drop_simple_tdw_2_dis_2_occ-redyellow_0006_img,True
pilot_it2_drop_simple_tdw_2_dis_2_occ-redyellow_0007_img,True
pilot_it2_drop_simple_tdw_2_dis_2_occ-redyellow_0008_img,False
pilot_it2_drop_simple_tdw_2_dis_2_occ-redyellow_0009_img,True
pilot_it2_drop_sizes_box-redyellow_0000_img,True
pilot_it2_drop_sizes_box-redyellow_0001_img,False
pilot_it2_drop_sizes_box-redyellow_0002_img,False
pilot_it2_drop_sizes_box-redyellow_0003_img,True
pilot_it2_drop_sizes_box-redyellow_0005_img,True
pilot_it2_drop_sizes_box-redyellow_0006_img,True
pilot_it2_drop_sizes_box-redyellow_0008_img,True
pilot_it2_drop_sizes_box-redyellow_0009_img,False
pilot_it2_drop_sizes_box_1_dis_1_occ-redyellow_0000_img,True
pilot_it2_drop_sizes_box_1_dis_1_occ-redyellow_0001_img,True
pilot_it2_drop_sizes_box_1_dis_1_occ-redyellow_0003_img,True
pilot_it2_drop_sizes_box_1_dis_1_occ-redyellow_0004_img,True
pilot_it2_drop_sizes_box_1_dis_1_occ-redyellow_0005_img,True
pilot_it2_drop_sizes_box_1_dis_1_occ-redyellow_0007_img,True
pilot_it2_drop_sizes_box_1_dis_1_occ-redyellow_0008_img,True
pilot_it2_drop_sizes_box_2_dis_2_occ-redyellow_0001_img,False
pilot_it2_drop_sizes_box_2_dis_2_occ-redyellow_0002_img,False
pilot_it2_drop_sizes_box_2_dis_2_occ-redyellow_0003_img,False
pilot_it2_drop_sizes_box_2_dis_2_occ-redyellow_0005_img,True
pilot_it2_drop_sizes_box_2_dis_2_occ-redyellow_0007_img,True
pilot_it2_drop_sizes_box_2_dis_2_occ-redyellow_0008_img,True
pilot_it2_drop_sizes_box_2_dis_2_occ-redyellow_0009_img,True
pilot_it2_drop_sizes_tdw_1_dis_1_occ-redyellow_0000_img,False
pilot_it2_drop_sizes_tdw_1_dis_1_occ-redyellow_0001_img,True
pilot_it2_drop_sizes_tdw_1_dis_1_occ-redyellow_0003_img,True
pilot_it2_drop_sizes_tdw_1_dis_1_occ-redyellow_0004_img,False
pilot_it2_drop_sizes_tdw_1_dis_1_occ-redyellow_0005_img,False
pilot_it2_drop_sizes_tdw_1_dis_1_occ-redyellow_0006_img,False
pilot_it2_drop_sizes_tdw_1_dis_1_occ-redyellow_0007_img,True
pilot_it2_drop_sizes_tdw_1_dis_1_occ-redyellow_0008_img,False
pilot_it2_drop_sizes_tdw_1_dis_1_occ-redyellow_0009_img,True
pilot_it2_drop_sizes_tdw_2_dis_2_occ-redyellow_0000_img,False
pilot_it2_drop_sizes_tdw_2_dis_2_occ-redyellow_0001_img,True
pilot_it2_drop_sizes_tdw_2_dis_2_occ-redyellow_0002_img,True
pilot_it2_drop_sizes_tdw_2_dis_2_occ-redyellow_0003_img,False
pilot_it2_drop_sizes_tdw_2_dis_2_occ-redyellow_0007_img,False
pilot_it2_drop_sizes_tdw_2_dis_2_occ-redyellow_0008_img,True
pilot_it2_drop_sizes_tdw_2_dis_2_occ-redyellow_0009_img,False
pilot_it2_rollingSliding_simple_collision_box-redyellow_0000_img,True
pilot_it2_rollingSliding_simple_collision_box-redyellow_0002_img,False
pilot_it2_rollingSliding_simple_collision_box-redyellow_0003_img,True
pilot_it2_rollingSliding_simple_collision_box-redyellow_0004_img,True
pilot_it2_rollingSliding_simple_collision_box-redyellow_0005_img,False
pilot_it2_rollingSliding_simple_collision_box-redyellow_0006_img,False
pilot_it2_rollingSliding_simple_collision_box-redyellow_0007_img,False
pilot_it2_rollingSliding_simple_collision_box-redyellow_0009_img,True
pilot_it2_rollingSliding_simple_collision_box-redyellow_0010_img,False
pilot_it2_rollingSliding_simple_collision_box-redyellow_0011_img,False
pilot_it2_rollingSliding_simple_collision_box-redyellow_0012_img,True
pilot_it2_rollingSliding_simple_collision_box_1_dis_1_occ-redyellow_0000_img,False
pilot_it2_rollingSliding_simple_collision_box_1_dis_1_occ-redyellow_0001_img,False
pilot_it2_rollingSliding_simple_collision_box_1_dis_1_occ-redyellow_0002_img,True
pilot_it2_rollingSliding_simple_collision_box_1_dis_1_occ-redyellow_0003_img,False
pilot_it2_rollingSliding_simple_collision_box_1_dis_1_occ-redyellow_0004_img,False
pilot_it2_rollingSliding_simple_collision_box_1_dis_1_occ-redyellow_0005_img,False
pilot_it2_rollingSliding_simple_collision_box_1_dis_1_occ-redyellow_0006_img,False
pilot_it2_rollingSliding_simple_collision_box_1_dis_1_occ-redyellow_0007_img,True
pilot_it2_rollingSliding_simple_collision_box_1_dis_1_occ-redyellow_0008_img,True
pilot_it2_rollingSliding_simple_collision_box_1_dis_1_occ-redyellow_0009_img,True
pilot_it2_rollingSliding_simple_collision_box_1_dis_1_occ-redyellow_0010_img,False
pilot_it2_rollingSliding_simple_collision_box_1_dis_1_occ-redyellow_0011_img,True
pilot_it2_rollingSliding_simple_collision_box_1_dis_1_occ-redyellow_0012_img,False
pilot_it2_rollingSliding_simple_collision_box_2_dis_2_occ-redyellow_0000_img,False
pilot_it2_rollingSliding_simple_collision_box_2_dis_2_occ-redyellow_0001_img,False
pilot_it2_rollingSliding_simple_collision_box_2_dis_2_occ-redyellow_0002_img,True
pilot_it2_rollingSliding_simple_collision_box_2_dis_2_occ-redyellow_0003_img,True
pilot_it2_rollingSliding_simple_collision_box_2_dis_2_occ-redyellow_0004_img,False
pilot_it2_rollingSliding_simple_collision_box_2_dis_2_occ-redyellow_0005_img,False
pilot_it2_rollingSliding_simple_collision_box_2_dis_2_occ-redyellow_0006_img,True
pilot_it2_rollingSliding_simple_collision_box_2_dis_2_occ-redyellow_0008_img,False
pilot_it2_rollingSliding_simple_collision_box_2_dis_2_occ-redyellow_0009_img,True
pilot_it2_rollingSliding_simple_collision_box_2_dis_2_occ-redyellow_0010_img,False
pilot_it2_rollingSliding_simple_collision_box_2_dis_2_occ-redyellow_0011_img,False
pilot_it2_rollingSliding_simple_collision_box_2_dis_2_occ-redyellow_0012_img,True
pilot_it2_rollingSliding_simple_collision_tdw_1_dis_1_occ-redyellow_0000_img,True
pilot_it2_rollingSliding_simple_collision_tdw_1_dis_1_occ-redyellow_0001_img,False
pilot_it2_rollingSliding_simple_collision_tdw_1_dis_1_occ-redyellow_0002_img,False
pilot_it2_rollingSliding_simple_collision_tdw_1_dis_1_occ-redyellow_0003_img,False
pilot_it2_rollingSliding_simple_collision_tdw_1_dis_1_occ-redyellow_0004_img,False
pilot_it2_rollingSliding_simple_collision_tdw_1_dis_1_occ-redyellow_0005_img,True
pilot_it2_rollingSliding_simple_collision_tdw_1_dis_1_occ-redyellow_0006_img,False
pilot_it2_rollingSliding_simple_collision_tdw_1_dis_1_occ-redyellow_0007_img,True
pilot_it2_rollingSliding_simple_collision_tdw_1_dis_1_occ-redyellow_0009_img,False
pilot_it2_rollingSliding_simple_collision_tdw_1_dis_1_occ-redyellow_0010_img,False
pilot_it2_rollingSliding_simple_collision_tdw_1_dis_1_occ-redyellow_0011_img,False
pilot_it2_rollingSliding_simple_collision_tdw_1_dis_1_occ-redyellow_0012_img,False
pilot_it2_rollingSliding_simple_collision_tdw_2_dis_2_occ-redyellow_0001_img,False
pilot_it2_rollingSliding_simple_collision_tdw_2_dis_2_occ-redyellow_0004_img,True
pilot_it2_rollingSliding_simple_collision_tdw_2_dis_2_occ-redyellow_0005_img,True
pilot_it2_rollingSliding_simple_collision_tdw_2_dis_2_occ-redyellow_0006_img,False
pilot_it2_rollingSliding_simple_collision_tdw_2_dis_2_occ-redyellow_0007_img,False
pilot_it2_rollingSliding_simple_collision_tdw_2_dis_2_occ-redyellow_0008_img,True
pilot_it2_rollingSliding_simple_collision_tdw_2_dis_2_occ-redyellow_0009_img,True
pilot_it2_rollingSliding_simple_collision_tdw_2_dis_2_occ-redyellow_0010_img,False
pilot_it2_rollingSliding_simple_collision_tdw_2_dis_2_occ-redyellow_0011_img,False
pilot_it2_rollingSliding_simple_collision_tdw_2_dis_2_occ-redyellow_0012_img,False
pilot_it2_rollingSliding_simple_ledge_box-redyellow_0000_img,False
pilot_it2_rollingSliding_simple_ledge_box-redyellow_0002_img,False
pilot_it2_rollingSliding_simple_ledge_box-redyellow_0003_img,False
pilot_it2_rollingSliding_simple_ledge_box-redyellow_0004_img,False
pilot_it2_rollingSliding_simple_ledge_box-redyellow_0005_img,False
pilot_it2_rollingSliding_simple_ledge_box-redyellow_0006_img,False
pilot_it2_rollingSliding_simple_ledge_box-redyellow_0007_img,False
pilot_it2_rollingSliding_simple_ledge_box-redyellow_0008_img,False
pilot_it2_rollingSliding_simple_ledge_box-redyellow_0010_img,False
pilot_it2_rollingSliding_simple_ledge_box-redyellow_0011_img,False
pilot_it2_rollingSliding_simple_ledge_box-redyellow_0012_img,False
pilot_it2_rollingSliding_simple_ledge_box_1_dis_1_occ-redyellow_0000_img,False
pilot_it2_rollingSliding_simple_ledge_box_1_dis_1_occ-redyellow_0001_img,False
pilot_it2_rollingSliding_simple_ledge_box_1_dis_1_occ-redyellow_0002_img,False
pilot_it2_rollingSliding_simple_ledge_box_1_dis_1_occ-redyellow_0003_img,False
pilot_it2_rollingSliding_simple_ledge_box_1_dis_1_occ-redyellow_0004_img,False
pilot_it2_rollingSliding_simple_ledge_box_1_dis_1_occ-redyellow_0005_img,True
pilot_it2_rollingSliding_simple_ledge_box_1_dis_1_occ-redyellow_0006_img,False
pilot_it2_rollingSliding_simple_ledge_box_1_dis_1_occ-redyellow_0007_img,False
pilot_it2_rollingSliding_simple_ledge_box_1_dis_1_occ-redyellow_0008_img,False
pilot_it2_rollingSliding_simple_ledge_box_1_dis_1_occ-redyellow_0010_img,False
pilot_it2_rollingSliding_simple_ledge_box_1_dis_1_occ-redyellow_0011_img,False
pilot_it2_rollingSliding_simple_ledge_box_1_dis_1_occ-redyellow_0012_img,False
pilot_it2_rollingSliding_simple_ledge_box_2_dis_2_occ-redyellow_0000_img,False
pilot_it2_rollingSliding_simple_ledge_box_2_dis_2_occ-redyellow_0001_img,False
pilot_it2_rollingSliding_simple_ledge_box_2_dis_2_occ-redyellow_0002_img,False
pilot_it2_rollingSliding_simple_ledge_box_2_dis_2_occ-redyellow_0003_img,False
pilot_it2_rollingSliding_simple_ledge_box_2_dis_2_occ-redyellow_0004_img,False
pilot_it2_rollingSliding_simple_ledge_box_2_dis_2_occ-redyellow_0006_img,False
pilot_it2_rollingSliding_simple_ledge_box_2_dis_2_occ-redyellow_0007_img,False
pilot_it2_rollingSliding_simple_ledge_box_2_dis_2_occ-redyellow_0008_img,False
pilot_it2_rollingSliding_simple_ledge_box_2_dis_2_occ-redyellow_0009_img,False
pilot_it2_rollingSliding_simple_ledge_box_2_dis_2_occ-redyellow_0010_img,False
pilot_it2_rollingSliding_simple_ledge_box_2_dis_2_occ-redyellow_0011_img,False
pilot_it2_rollingSliding_simple_ledge_box_2_dis_2_occ-redyellow_0012_img,False
pilot_it2_rollingSliding_simple_ledge_tdw_1_dis_1_occ-redyellow_0000_img,False
pilot_it2_rollingSliding_simple_ledge_tdw_1_dis_1_occ-redyellow_0001_img,False
pilot_it2_rollingSliding_simple_ledge_tdw_1_dis_1_occ-redyellow_0002_img,False
pilot_it2_rollingSliding_simple_ledge_tdw_1_dis_1_occ-redyellow_0003_img,False
pilot_it2_rollingSliding_simple_ledge_tdw_1_dis_1_occ-redyellow_0004_img,False
pilot_it2_rollingSliding_simple_ledge_tdw_1_dis_1_occ-redyellow_0008_img,False
pilot_it2_rollingSliding_simple_ledge_tdw_1_dis_1_occ-redyellow_0010_img,False
pilot_it2_rollingSliding_simple_ledge_tdw_1_dis_1_occ-redyellow_0012_img,False
pilot_it2_rollingSliding_simple_ledge_tdw_2_dis_2_occ-redyellow_0000_img,False
pilot_it2_rollingSliding_simple_ledge_tdw_2_dis_2_occ-redyellow_0001_img,False
pilot_it2_rollingSliding_simple_ledge_tdw_2_dis_2_occ-redyellow_0002_img,False
pilot_it2_rollingSliding_simple_ledge_tdw_2_dis_2_occ-redyellow_0003_img,False
pilot_it2_rollingSliding_simple_ledge_tdw_2_dis_2_occ-redyellow_0004_img,False
pilot_it2_rollingSliding_simple_ledge_tdw_2_dis_2_occ-redyellow_0005_img,False
pilot_it2_rollingSliding_simple_ledge_tdw_2_dis_2_occ-redyellow_0006_img,False
pilot_it2_rollingSliding_simple_ledge_tdw_2_dis_2_occ-redyellow_0007_img,False
pilot_it2_rollingSliding_simple_ledge_tdw_2_dis_2_occ-redyellow_0008_img,False
pilot_it2_rollingSliding_simple_ledge_tdw_2_dis_2_occ-redyellow_0009_img,False
pilot_it2_rollingSliding_simple_ledge_tdw_2_dis_2_occ-redyellow_0010_img,False
pilot_it2_rollingSliding_simple_ledge_tdw_2_dis_2_occ-redyellow_0011_img,False
pilot_it2_rollingSliding_simple_ledge_tdw_2_dis_2_occ-redyellow_0012_img,False
pilot_it2_rollingSliding_simple_ramp_box_1_dis_1_occ-redyellow_0000_img,False
pilot_it2_rollingSliding_simple_ramp_box_1_dis_1_occ-redyellow_0001_img,False
pilot_it2_rollingSliding_simple_ramp_box_1_dis_1_occ-redyellow_0002_img,True
pilot_it2_rollingSliding_simple_ramp_box_1_dis_1_occ-redyellow_0003_img,False
pilot_it2_rollingSliding_simple_ramp_box_1_dis_1_occ-redyellow_0004_img,False
pilot_it2_rollingSliding_simple_ramp_box_1_dis_1_occ-redyellow_0005_img,True
pilot_it2_rollingSliding_simple_ramp_box_1_dis_1_occ-redyellow_0006_img,False
pilot_it2_rollingSliding_simple_ramp_box_1_dis_1_occ-redyellow_0007_img,True
pilot_it2_rollingSliding_simple_ramp_box_1_dis_1_occ-redyellow_0008_img,False
pilot_it2_rollingSliding_simple_ramp_box_1_dis_1_occ-redyellow_0009_img,True
pilot_it2_rollingSliding_simple_ramp_box_1_dis_1_occ-redyellow_0010_img,True
pilot_it2_rollingSliding_simple_ramp_box_1_dis_1_occ-redyellow_0011_img,False
pilot_it2_rollingSliding_simple_ramp_box_1_dis_1_occ-redyellow_0012_img,False
pilot_it2_rollingSliding_simple_ramp_box_2_dis_2_occ-redyellow_0000_img,False
pilot_it2_rollingSliding_simple_ramp_box_2_dis_2_occ-redyellow_0001_img,False
pilot_it2_rollingSliding_simple_ramp_box_2_dis_2_occ-redyellow_0003_img,False
pilot_it2_rollingSliding_simple_ramp_box_2_dis_2_occ-redyellow_0005_img,True
pilot_it2_rollingSliding_simple_ramp_box_2_dis_2_occ-redyellow_0006_img,False
pilot_it2_rollingSliding_simple_ramp_box_2_dis_2_occ-redyellow_0007_img,True
pilot_it2_rollingSliding_simple_ramp_box_2_dis_2_occ-redyellow_0008_img,True
pilot_it2_rollingSliding_simple_ramp_box_2_dis_2_occ-redyellow_0009_img,True
pilot_it2_rollingSliding_simple_ramp_box_2_dis_2_occ-redyellow_0010_img,False
pilot_it2_rollingSliding_simple_ramp_box_2_dis_2_occ-redyellow_0011_img,True
pilot_it2_rollingSliding_simple_ramp_box_2_dis_2_occ-redyellow_0012_img,True
pilot_it2_rollingSliding_simple_ramp_tdw_1_dis_1_occ-redyellow_0000_img,True
pilot_it2_rollingSliding_simple_ramp_tdw_1_dis_1_occ-redyellow_0001_img,False
pilot_it2_rollingSliding_simple_ramp_tdw_1_dis_1_occ-redyellow_0002_img,True
pilot_it2_rollingSliding_simple_ramp_tdw_1_dis_1_occ-redyellow_0003_img,False
pilot_it2_rollingSliding_simple_ramp_tdw_1_dis_1_occ-redyellow_0004_img,True
pilot_it2_rollingSliding_simple_ramp_tdw_1_dis_1_occ-redyellow_0005_img,True
pilot_it2_rollingSliding_simple_ramp_tdw_1_dis_1_occ-redyellow_0006_img,False
pilot_it2_rollingSliding_simple_ramp_tdw_1_dis_1_occ-redyellow_0007_img,False
pilot_it2_rollingSliding_simple_ramp_tdw_1_dis_1_occ-redyellow_0008_img,False
pilot_it2_rollingSliding_simple_ramp_tdw_1_dis_1_occ-redyellow_0010_img,False
pilot_it2_rollingSliding_simple_ramp_tdw_1_dis_1_occ-redyellow_0011_img,True
pilot_it2_rollingSliding_simple_ramp_tdw_1_dis_1_occ-redyellow_0012_img,True
pilot_linking_nl1-5_aNone_bCube_occ1_dis1_tdwroom-redyellow_0001_img,False
pilot_linking_nl1-5_aNone_bCube_occ1_dis1_tdwroom-redyellow_0002_img,True
pilot_linking_nl1-5_aNone_bCube_occ1_dis1_tdwroom-redyellow_0004_img,False
pilot_linking_nl1-5_aNone_bCube_occ1_dis1_tdwroom-redyellow_0006_img,False
pilot_linking_nl1-5_aNone_bCube_occ1_dis1_tdwroom-redyellow_0007_img,True
pilot_linking_nl1-5_aNone_bCube_occ1_dis1_tdwroom-redyellow_0008_img,False
pilot_linking_nl1-5_aNone_bCube_occ1_dis1_tdwroom-redyellow_0009_img,False
pilot_linking_nl1-5_aNone_bCube_occ1_dis1_tdwroom-redyellow_0012_img,False
pilot_linking_nl1-5_aNone_bCube_occ1_dis1_tdwroom-redyellow_0013_img,False
pilot_linking_nl1-5_aNone_bCube_occ1_dis1_tdwroom-redyellow_0014_img,False
pilot_linking_nl1-5_aNone_bCube_occ1_dis1_tdwroom-redyellow_0015_img,False
pilot_linking_nl1-5_aNone_bCube_occ1_dis1_tdwroom-redyellow_0018_img,False
pilot_linking_nl1-5_aNone_bCube_occ1_dis1_tdwroom-redyellow_0019_img,False
pilot_linking_nl1-5_aNone_bCube_occ1_dis1_tdwroom-redyellow_0020_img,False
pilot_linking_nl1-5_aNone_bCube_occ1_dis1_tdwroom-redyellow_0021_img,True
pilot_linking_nl1-5_aNone_bCube_occ1_dis1_tdwroom-redyellow_0022_img,False
pilot_linking_nl1-5_aNone_bCube_occ1_dis1_tdwroom-redyellow_0023_img,False
pilot_linking_nl1-5_aNone_bCube_occ1_dis1_tdwroom-redyellow_0024_img,False
pilot_linking_nl1-6_ms03-7_aCylcap_bCyl_tdwroom-redyellow_0000_img,False
pilot_linking_nl1-6_ms03-7_aCylcap_bCyl_tdwroom-redyellow_0001_img,True
pilot_linking_nl1-6_ms03-7_aCylcap_bCyl_tdwroom-redyellow_0002_img,True
pilot_linking_nl1-6_ms03-7_aCylcap_bCyl_tdwroom-redyellow_0004_img,True
pilot_linking_nl1-6_ms03-7_aCylcap_bCyl_tdwroom-redyellow_0005_img,True
pilot_linking_nl1-6_ms03-7_aCylcap_bCyl_tdwroom-redyellow_0007_img,False
pilot_linking_nl1-6_ms03-7_aCylcap_bCyl_tdwroom-redyellow_0008_img,False
pilot_linking_nl1-6_ms03-7_aCylcap_bCyl_tdwroom-redyellow_0009_img,True
pilot_linking_nl1-6_ms03-7_aCylcap_bCyl_tdwroom-redyellow_0010_img,True
pilot_linking_nl1-6_ms03-7_aCylcap_bCyl_tdwroom-redyellow_0011_img,True
pilot_linking_nl1-6_ms03-7_aCylcap_bCyl_tdwroom-redyellow_0012_img,False
pilot_linking_nl1-6_ms03-7_aCylcap_bCyl_tdwroom-redyellow_0013_img,True
pilot_linking_nl1-6_ms03-7_aCylcap_bCyl_tdwroom-redyellow_0014_img,True
pilot_linking_nl1-6_ms03-7_aCylcap_bCyl_tdwroom-redyellow_0017_img,False
pilot_linking_nl1-6_ms03-7_aCylcap_bCyl_tdwroom-redyellow_0018_img,False
pilot_linking_nl1-6_ms03-7_aCylcap_bCyl_tdwroom-redyellow_0019_img,True
pilot_linking_nl1-6_ms03-7_aCylcap_bCyl_tdwroom-redyellow_0020_img,False
pilot_linking_nl1-6_ms03-7_aCylcap_bCyl_tdwroom-redyellow_0021_img,True
pilot_linking_nl1-6_ms03-7_aCylcap_bCyl_tdwroom-redyellow_0022_img,True
pilot_linking_nl1-6_ms03-7_aCylcap_bCyl_tdwroom-redyellow_0023_img,False
pilot_linking_nl1-6_ms03-7_aCylcap_bCyl_tdwroom-redyellow_0024_img,True
pilot_linking_nl1-8_mg000_aCylcap_bCyl_tdwroom-redyellow_0000_img,False
pilot_linking_nl1-8_mg000_aCylcap_bCyl_tdwroom-redyellow_0001_img,False
pilot_linking_nl1-8_mg000_aCylcap_bCyl_tdwroom-redyellow_0002_img,True
pilot_linking_nl1-8_mg000_aCylcap_bCyl_tdwroom-redyellow_0003_img,False
pilot_linking_nl1-8_mg000_aCylcap_bCyl_tdwroom-redyellow_0005_img,True
pilot_linking_nl1-8_mg000_aCylcap_bCyl_tdwroom-redyellow_0007_img,False
pilot_linking_nl1-8_mg000_aCylcap_bCyl_tdwroom-redyellow_0008_img,True
pilot_linking_nl1-8_mg000_aCylcap_bCyl_tdwroom-redyellow_0010_img,False
pilot_linking_nl1-8_mg000_aCylcap_bCyl_tdwroom-redyellow_0011_img,False
pilot_linking_nl1-8_mg000_aCylcap_bCyl_tdwroom-redyellow_0012_img,False
pilot_linking_nl1-8_mg000_aCylcap_bCyl_tdwroom-redyellow_0013_img,True
pilot_linking_nl1-8_mg000_aCylcap_bCyl_tdwroom-redyellow_0014_img,False
pilot_linking_nl1-8_mg000_aCylcap_bCyl_tdwroom-redyellow_0015_img,True
pilot_linking_nl1-8_mg000_aCylcap_bCyl_tdwroom-redyellow_0016_img,True
pilot_linking_nl1-8_mg000_aCylcap_bCyl_tdwroom-redyellow_0017_img,True
pilot_linking_nl1-8_mg000_aCylcap_bCyl_tdwroom-redyellow_0018_img,False
pilot_linking_nl1-8_mg000_aCylcap_bCyl_tdwroom-redyellow_0019_img,False
pilot_linking_nl1-8_mg000_aCylcap_bCyl_tdwroom-redyellow_0021_img,False
pilot_linking_nl1-8_mg000_aCylcap_bCyl_tdwroom-redyellow_0022_img,False
pilot_linking_nl1-8_ms03_aCylcap_bCyl_occ1_dis1_tdwroom-redyellow_0000_img,True
pilot_linking_nl1-8_ms03_aCylcap_bCyl_occ1_dis1_tdwroom-redyellow_0001_img,True
pilot_linking_nl1-8_ms03_aCylcap_bCyl_occ1_dis1_tdwroom-redyellow_0002_img,True
pilot_linking_nl1-8_ms03_aCylcap_bCyl_occ1_dis1_tdwroom-redyellow_0003_img,True
pilot_linking_nl1-8_ms03_aCylcap_bCyl_occ1_dis1_tdwroom-redyellow_0004_img,True
pilot_linking_nl1-8_ms03_aCylcap_bCyl_occ1_dis1_tdwroom-redyellow_0005_img,True
pilot_linking_nl1-8_ms03_aCylcap_bCyl_occ1_dis1_tdwroom-redyellow_0006_img,True
pilot_linking_nl1-8_ms03_aCylcap_bCyl_occ1_dis1_tdwroom-redyellow_0007_img,False
pilot_linking_nl1-8_ms03_aCylcap_bCyl_occ1_dis1_tdwroom-redyellow_0008_img,True
pilot_linking_nl1-8_ms03_aCylcap_bCyl_occ1_dis1_tdwroom-redyellow_0009_img,True
pilot_linking_nl1-8_ms03_aCylcap_bCyl_occ1_dis1_tdwroom-redyellow_0010_img,False
pilot_linking_nl1-8_ms03_aCylcap_bCyl_occ1_dis1_tdwroom-redyellow_0011_img,True
pilot_linking_nl1-8_ms03_aCylcap_bCyl_occ1_dis1_tdwroom-redyellow_0012_img,True
pilot_linking_nl1-8_ms03_aCylcap_bCyl_occ1_dis1_tdwroom-redyellow_0013_img,True
pilot_linking_nl1-8_ms03_aCylcap_bCyl_occ1_dis1_tdwroom-redyellow_0014_img,False
pilot_linking_nl1-8_ms03_aCylcap_bCyl_occ1_dis1_tdwroom-redyellow_0015_img,True
pilot_linking_nl1-8_ms03_aCylcap_bCyl_occ1_dis1_tdwroom-redyellow_0016_img,True
pilot_linking_nl1-8_ms03_aCylcap_bCyl_occ1_dis1_tdwroom-redyellow_0018_img,False
pilot_linking_nl1-8_ms03_aCylcap_bCyl_occ1_dis1_tdwroom-redyellow_0019_img,True
pilot_linking_nl1-8_ms03_aCylcap_bCyl_occ1_dis1_tdwroom-redyellow_0020_img,True
pilot_linking_nl1-8_ms03_aCylcap_bCyl_occ1_dis1_tdwroom-redyellow_0021_img,True
pilot_linking_nl1-8_ms03_aCylcap_bCyl_occ1_dis1_tdwroom-redyellow_0022_img,False
pilot_linking_nl1-8_ms03_aCylcap_bCyl_occ1_dis1_tdwroom-redyellow_0023_img,True
pilot_linking_nl2-3_mg01_aCone_bCyl_boxroom-redyellow_0000_img,True
pilot_linking_nl2-3_mg01_aCone_bCyl_boxroom-redyellow_0001_img,True
pilot_linking_nl2-3_mg01_aCone_bCyl_boxroom-redyellow_0002_img,False
pilot_linking_nl2-3_mg01_aCone_bCyl_boxroom-redyellow_0003_img,True
pilot_linking_nl2-3_mg01_aCone_bCyl_boxroom-redyellow_0004_img,False
pilot_linking_nl2-3_mg01_aCone_bCyl_boxroom-redyellow_0005_img,False
pilot_linking_nl2-3_mg01_aCone_bCyl_boxroom-redyellow_0007_img,False
pilot_linking_nl2-3_mg01_aCone_bCyl_boxroom-redyellow_0008_img,True
pilot_linking_nl2-3_mg01_aCone_bCyl_boxroom-redyellow_0009_img,True
pilot_linking_nl2-3_mg01_aCone_bCyl_boxroom-redyellow_0010_img,False
pilot_linking_nl2-3_mg01_aCone_bCyl_boxroom-redyellow_0011_img,True
pilot_linking_nl2-3_mg01_aCone_bCyl_boxroom-redyellow_0012_img,False
pilot_linking_nl2-3_mg01_aCone_bCyl_boxroom-redyellow_0013_img,False
pilot_linking_nl2-3_mg01_aCone_bCyl_boxroom-redyellow_0015_img,True
pilot_linking_nl2-3_mg01_aCone_bCyl_boxroom-redyellow_0016_img,True
pilot_linking_nl2-3_mg01_aCone_bCyl_boxroom-redyellow_0017_img,False
pilot_linking_nl2-3_mg01_aCone_bCyl_boxroom-redyellow_0019_img,False
pilot_linking_nl2-3_mg01_aCone_bCyl_boxroom-redyellow_0020_img,False
pilot_linking_nl2-3_mg01_aCone_bCyl_boxroom-redyellow_0021_img,True
pilot_linking_nl2-3_mg01_aCone_bCyl_boxroom-redyellow_0023_img,False
pilot_linking_nl4-8_mg-005_aCyl_bCyl_occ1_dis1_tdwroom-redyellow_0001_img,False
pilot_linking_nl4-8_mg-005_aCyl_bCyl_occ1_dis1_tdwroom-redyellow_0002_img,True
pilot_linking_nl4-8_mg-005_aCyl_bCyl_occ1_dis1_tdwroom-redyellow_0004_img,False
pilot_linking_nl4-8_mg-005_aCyl_bCyl_occ1_dis1_tdwroom-redyellow_0005_img,False
pilot_linking_nl4-8_mg-005_aCyl_bCyl_occ1_dis1_tdwroom-redyellow_0006_img,True
pilot_linking_nl4-8_mg-005_aCyl_bCyl_occ1_dis1_tdwroom-redyellow_0008_img,True
pilot_linking_nl4-8_mg-005_aCyl_bCyl_occ1_dis1_tdwroom-redyellow_0009_img,True
pilot_linking_nl4-8_mg-005_aCyl_bCyl_occ1_dis1_tdwroom-redyellow_0010_img,False
pilot_linking_nl4-8_mg-005_aCyl_bCyl_occ1_dis1_tdwroom-redyellow_0011_img,True
pilot_linking_nl4-8_mg-005_aCyl_bCyl_occ1_dis1_tdwroom-redyellow_0012_img,False
pilot_linking_nl4-8_mg-005_aCyl_bCyl_occ1_dis1_tdwroom-redyellow_0013_img,True
pilot_linking_nl4-8_mg-005_aCyl_bCyl_occ1_dis1_tdwroom-redyellow_0014_img,True
pilot_linking_nl4-8_mg-005_aCyl_bCyl_occ1_dis1_tdwroom-redyellow_0015_img,False
pilot_linking_nl4-8_mg-005_aCyl_bCyl_occ1_dis1_tdwroom-redyellow_0016_img,True
pilot_linking_nl4-8_mg-005_aCyl_bCyl_occ1_dis1_tdwroom-redyellow_0017_img,False
pilot_linking_nl4-8_mg-005_aCyl_bCyl_occ1_dis1_tdwroom-redyellow_0018_img,False
pilot_linking_nl4-8_mg-005_aCyl_bCyl_occ1_dis1_tdwroom-redyellow_0019_img,True
pilot_linking_nl4-8_mg-005_aCyl_bCyl_occ1_dis1_tdwroom-redyellow_0020_img,True
pilot_linking_nl4-8_mg-005_aCyl_bCyl_occ1_dis1_tdwroom-redyellow_0021_img,True
pilot_linking_nl4-8_mg-005_aCyl_bCyl_occ1_dis1_tdwroom-redyellow_0022_img,False
pilot_linking_nl4-8_mg-005_aCyl_bCyl_occ1_dis1_tdwroom-redyellow_0023_img,False
pilot_linking_nl4-8_mg-005_aCyl_bCyl_occ1_dis1_tdwroom-redyellow_0024_img,False
pilot_linking_nl4-8_mg-005_aCyl_bCyl_occ1_dis1_tdwroom-redyellow_0025_img,True
pilot_linking_nl4-8_mg-005_aCyl_bCyl_occ1_dis1_tdwroom-redyellow_0026_img,True
pilot_linking_nl4-8_mg-005_aCyl_bCyl_occ1_dis1_tdwroom-redyellow_0027_img,True
pilot_linking_nl4-8_mg-005_aCyl_bCyl_occ1_dis1_tdwroom-redyellow_0028_img,True
pilot_linking_nl4-8_mg-005_aCyl_bCyl_occ1_dis1_tdwroom-redyellow_0030_img,False
pilot_linking_nl4-8_mg-005_aCyl_bCyl_occ1_dis1_tdwroom-redyellow_0031_img,False
pilot_linking_nl4-8_mg-005_aCyl_bCyl_occ1_dis1_tdwroom-redyellow_0032_img,True
pilot_linking_nl4-8_mg-005_aCyl_bCyl_occ1_dis1_tdwroom-redyellow_0033_img,True
pilot_linking_nl6_aCyl_bCube_occ1_dis1_boxroom-redyellow_0000_img,True
pilot_linking_nl6_aCyl_bCube_occ1_dis1_boxroom-redyellow_0001_img,False
pilot_linking_nl6_aCyl_bCube_occ1_dis1_boxroom-redyellow_0002_img,False
pilot_linking_nl6_aCyl_bCube_occ1_dis1_boxroom-redyellow_0003_img,False
pilot_linking_nl6_aCyl_bCube_occ1_dis1_boxroom-redyellow_0005_img,True
pilot_linking_nl6_aCyl_bCube_occ1_dis1_boxroom-redyellow_0006_img,True
pilot_linking_nl6_aCyl_bCube_occ1_dis1_boxroom-redyellow_0007_img,False
pilot_linking_nl6_aCyl_bCube_occ1_dis1_boxroom-redyellow_0008_img,False
pilot_linking_nl6_aCyl_bCube_occ1_dis1_boxroom-redyellow_0011_img,True
pilot_linking_nl6_aCyl_bCube_occ1_dis1_boxroom-redyellow_0012_img,True
pilot_linking_nl6_aCyl_bCube_occ1_dis1_boxroom-redyellow_0013_img,True
pilot_linking_nl6_aCyl_bCube_occ1_dis1_boxroom-redyellow_0015_img,False
pilot_linking_nl6_aCyl_bCube_occ1_dis1_boxroom-redyellow_0017_img,True
pilot_linking_nl6_aCyl_bCube_occ1_dis1_boxroom-redyellow_0018_img,False
pilot_linking_nl6_aCyl_bCube_occ1_dis1_boxroom-redyellow_0019_img,False
pilot_linking_nl6_aCyl_bCube_occ1_dis1_boxroom-redyellow_0020_img,False
pilot_linking_nl6_aCyl_bCube_occ1_dis1_boxroom-redyellow_0021_img,False
pilot_linking_nl6_aCyl_bCube_occ1_dis1_boxroom-redyellow_0023_img,True
pilot_linking_nl6_aCyl_bCube_occ1_dis1_boxroom-redyellow_0024_img,False
pilot_towers_nb2_fr015_SJ010_mono0_dis0_occ0_tdwroom-redyellow_0001_img,True
pilot_towers_nb2_fr015_SJ010_mono0_dis0_occ0_tdwroom-redyellow_0002_img,False
pilot_towers_nb2_fr015_SJ010_mono0_dis0_occ0_tdwroom-redyellow_0008_img,True
pilot_towers_nb2_fr015_SJ010_mono0_dis0_occ0_tdwroom-redyellow_0009_img,True
pilot_towers_nb2_fr015_SJ010_mono0_dis0_occ0_tdwroom-redyellow_0012_img,True
pilot_towers_nb2_fr015_SJ010_mono0_dis0_occ0_tdwroom-redyellow_0014_img,False
pilot_towers_nb2_fr015_SJ010_mono0_dis0_occ0_tdwroom-redyellow_0015_img,False
pilot_towers_nb2_fr015_SJ010_mono0_dis0_occ0_tdwroom-redyellow_0016_img,True
pilot_towers_nb2_fr015_SJ010_mono0_dis0_occ0_tdwroom-redyellow_0017_img,True
pilot_towers_nb2_fr015_SJ010_mono0_dis0_occ0_tdwroom-redyellow_0018_img,True
pilot_towers_nb2_fr015_SJ010_mono0_dis0_occ0_tdwroom-redyellow_0019_img,False
pilot_towers_nb2_fr015_SJ010_mono1_dis1_occ1_tdwroom-redyellow_0001_img,False
pilot_towers_nb2_fr015_SJ010_mono1_dis1_occ1_tdwroom-redyellow_0002_img,False
pilot_towers_nb2_fr015_SJ010_mono1_dis1_occ1_tdwroom-redyellow_0003_img,False
pilot_towers_nb2_fr015_SJ010_mono1_dis1_occ1_tdwroom-redyellow_0005_img,True
pilot_towers_nb2_fr015_SJ010_mono1_dis1_occ1_tdwroom-redyellow_0009_img,True
pilot_towers_nb2_fr015_SJ010_mono1_dis1_occ1_tdwroom-redyellow_0011_img,True
pilot_towers_nb2_fr015_SJ010_mono1_dis1_occ1_tdwroom-redyellow_0012_img,False
pilot_towers_nb2_fr015_SJ010_mono1_dis1_occ1_tdwroom-redyellow_0014_img,False
pilot_towers_nb2_fr015_SJ010_mono1_dis1_occ1_tdwroom-redyellow_0015_img,False
pilot_towers_nb2_fr015_SJ010_mono1_dis1_occ1_tdwroom-redyellow_0016_img,True
pilot_towers_nb2_fr015_SJ010_mono1_dis1_occ1_tdwroom-redyellow_0017_img,False
pilot_towers_nb2_fr015_SJ010_mono1_dis1_occ1_tdwroom-redyellow_0018_img,True
pilot_towers_nb2_fr015_SJ010_mono1_dis1_occ1_tdwroom-redyellow_0019_img,False
pilot_towers_nb3_fr015_SJ025_mono1_dis0_occ0_tdwroom-redyellow_0000_img,False
pilot_towers_nb3_fr015_SJ025_mono1_dis0_occ0_tdwroom-redyellow_0002_img,False
pilot_towers_nb3_fr015_SJ025_mono1_dis0_occ0_tdwroom-redyellow_0005_img,False
pilot_towers_nb3_fr015_SJ025_mono1_dis0_occ0_tdwroom-redyellow_0006_img,False
pilot_towers_nb3_fr015_SJ025_mono1_dis0_occ0_tdwroom-redyellow_0007_img,False
pilot_towers_nb3_fr015_SJ025_mono1_dis0_occ0_tdwroom-redyellow_0008_img,True
pilot_towers_nb3_fr015_SJ025_mono1_dis0_occ0_tdwroom-redyellow_0009_img,True
pilot_towers_nb3_fr015_SJ025_mono1_dis0_occ0_tdwroom-redyellow_0010_img,True
pilot_towers_nb3_fr015_SJ025_mono1_dis0_occ0_tdwroom-redyellow_0012_img,True
pilot_towers_nb3_fr015_SJ025_mono1_dis0_occ0_tdwroom-redyellow_0013_img,True
pilot_towers_nb3_fr015_SJ025_mono1_dis0_occ0_tdwroom-redyellow_0014_img,True
pilot_towers_nb3_fr015_SJ025_mono1_dis0_occ0_tdwroom-redyellow_0015_img,True
pilot_towers_nb3_fr015_SJ025_mono1_dis0_occ0_tdwroom-redyellow_0016_img,True
pilot_towers_nb3_fr015_SJ025_mono1_dis0_occ0_tdwroom-redyellow_0018_img,True
pilot_towers_nb4_SJ025_mono1_dis0_occ0_tdwroom-redyellow_0000_img,True
pilot_towers_nb4_SJ025_mono1_dis0_occ0_tdwroom-redyellow_0001_img,True
pilot_towers_nb4_SJ025_mono1_dis0_occ0_tdwroom-redyellow_0002_img,True
pilot_towers_nb4_SJ025_mono1_dis0_occ0_tdwroom-redyellow_0003_img,True
pilot_towers_nb4_SJ025_mono1_dis0_occ0_tdwroom-redyellow_0004_img,False
pilot_towers_nb4_SJ025_mono1_dis0_occ0_tdwroom-redyellow_0005_img,False
pilot_towers_nb4_SJ025_mono1_dis0_occ0_tdwroom-redyellow_0007_img,True
pilot_towers_nb4_SJ025_mono1_dis0_occ0_tdwroom-redyellow_0008_img,False
pilot_towers_nb4_SJ025_mono1_dis0_occ0_tdwroom-redyellow_0009_img,True
pilot_towers_nb4_SJ025_mono1_dis0_occ0_tdwroom-redyellow_0010_img,False
pilot_towers_nb4_SJ025_mono1_dis0_occ0_tdwroom-redyellow_0011_img,True
pilot_towers_nb4_SJ025_mono1_dis0_occ0_tdwroom-redyellow_0013_img,True
pilot_towers_nb4_SJ025_mono1_dis0_occ0_tdwroom-redyellow_0014_img,True
pilot_towers_nb4_SJ025_mono1_dis0_occ0_tdwroom-redyellow_0016_img,True
pilot_towers_nb4_SJ025_mono1_dis0_occ0_tdwroom-redyellow_0018_img,True
pilot_towers_nb4_SJ025_mono1_dis0_occ0_tdwroom-redyellow_0019_img,True
pilot_towers_nb4_SJ025_mono1_dis1_occ1_boxroom-redyellow_0001_img,True
pilot_towers_nb4_SJ025_mono1_dis1_occ1_boxroom-redyellow_0002_img,False
pilot_towers_nb4_SJ025_mono1_dis1_occ1_boxroom-redyellow_0005_img,True
pilot_towers_nb4_SJ025_mono1_dis1_occ1_boxroom-redyellow_0006_img,False
pilot_towers_nb4_SJ025_mono1_dis1_occ1_boxroom-redyellow_0008_img,False
pilot_towers_nb4_SJ025_mono1_dis1_occ1_boxroom-redyellow_0009_img,True
pilot_towers_nb4_SJ025_mono1_dis1_occ1_boxroom-redyellow_0011_img,True
pilot_towers_nb4_SJ025_mono1_dis1_occ1_boxroom-redyellow_0013_img,True
pilot_towers_nb4_SJ025_mono1_dis1_occ1_boxroom-redyellow_0014_img,True
pilot_towers_nb4_SJ025_mono1_dis1_occ1_boxroom-redyellow_0017_img,False
pilot_towers_nb4_SJ025_mono1_dis1_occ1_boxroom-redyellow_0019_img,False
pilot_towers_nb4_fr015_SJ000_gr-01_mono1_dis1_occ1_boxroom-redyellow_0000_img,True
pilot_towers_nb4_fr015_SJ000_gr-01_mono1_dis1_occ1_boxroom-redyellow_0001_img,False
pilot_towers_nb4_fr015_SJ000_gr-01_mono1_dis1_occ1_boxroom-redyellow_0004_img,True
pilot_towers_nb4_fr015_SJ000_gr-01_mono1_dis1_occ1_boxroom-redyellow_0007_img,True
pilot_towers_nb4_fr015_SJ000_gr-01_mono1_dis1_occ1_boxroom-redyellow_0008_img,False
pilot_towers_nb4_fr015_SJ000_gr-01_mono1_dis1_occ1_boxroom-redyellow_0009_img,True
pilot_towers_nb4_fr015_SJ000_gr-01_mono1_dis1_occ1_boxroom-redyellow_0010_img,True
pilot_towers_nb4_fr015_SJ000_gr-01_mono1_dis1_occ1_boxroom-redyellow_0011_img,True
pilot_towers_nb4_fr015_SJ000_gr-01_mono1_dis1_occ1_boxroom-redyellow_0013_img,True
pilot_towers_nb4_fr015_SJ000_gr-01_mono1_dis1_occ1_boxroom-redyellow_0014_img,False
pilot_towers_nb4_fr015_SJ000_gr-01_mono1_dis1_occ1_boxroom-redyellow_0016_img,True
pilot_towers_nb4_fr015_SJ000_gr-01_mono1_dis1_occ1_boxroom-redyellow_0018_img,False
pilot_towers_nb4_fr015_SJ000_gr-01_mono1_dis1_occ1_boxroom-redyellow_0019_img,True
pilot_towers_nb4_fr015_SJ000_gr000sph_mono1_dis0_occ0_tdwroom-redyellow_0001_img,True
pilot_towers_nb4_fr015_SJ000_gr000sph_mono1_dis0_occ0_tdwroom-redyellow_0002_img,False
pilot_towers_nb4_fr015_SJ000_gr000sph_mono1_dis0_occ0_tdwroom-redyellow_0003_img,True
pilot_towers_nb4_fr015_SJ000_gr000sph_mono1_dis0_occ0_tdwroom-redyellow_0005_img,True
pilot_towers_nb4_fr015_SJ000_gr000sph_mono1_dis0_occ0_tdwroom-redyellow_0007_img,False
pilot_towers_nb4_fr015_SJ000_gr000sph_mono1_dis0_occ0_tdwroom-redyellow_0008_img,False
pilot_towers_nb4_fr015_SJ000_gr000sph_mono1_dis0_occ0_tdwroom-redyellow_0010_img,True
pilot_towers_nb4_fr015_SJ000_gr000sph_mono1_dis0_occ0_tdwroom-redyellow_0011_img,False
pilot_towers_nb4_fr015_SJ000_gr000sph_mono1_dis0_occ0_tdwroom-redyellow_0012_img,False
pilot_towers_nb4_fr015_SJ000_gr000sph_mono1_dis0_occ0_tdwroom-redyellow_0013_img,True
pilot_towers_nb4_fr015_SJ000_gr000sph_mono1_dis0_occ0_tdwroom-redyellow_0014_img,True
pilot_towers_nb4_fr015_SJ000_gr000sph_mono1_dis0_occ0_tdwroom-redyellow_0017_img,True
pilot_towers_nb4_fr015_SJ000_gr000sph_mono1_dis0_occ0_tdwroom-redyellow_0018_img,False
pilot_towers_nb4_fr015_SJ000_gr015sph_mono1_dis0_occ0_tdwroom-redyellow_0000_img,True
pilot_towers_nb4_fr015_SJ000_gr015sph_mono1_dis0_occ0_tdwroom-redyellow_0001_img,False
pilot_towers_nb4_fr015_SJ000_gr015sph_mono1_dis0_occ0_tdwroom-redyellow_0002_img,False
pilot_towers_nb4_fr015_SJ000_gr015sph_mono1_dis0_occ0_tdwroom-redyellow_0006_img,False
pilot_towers_nb4_fr015_SJ000_gr015sph_mono1_dis0_occ0_tdwroom-redyellow_0007_img,False
pilot_towers_nb4_fr015_SJ000_gr015sph_mono1_dis0_occ0_tdwroom-redyellow_0009_img,False
pilot_towers_nb4_fr015_SJ000_gr015sph_mono1_dis0_occ0_tdwroom-redyellow_0010_img,False
pilot_towers_nb4_fr015_SJ000_gr015sph_mono1_dis0_occ0_tdwroom-redyellow_0011_img,False
pilot_towers_nb4_fr015_SJ000_gr015sph_mono1_dis0_occ0_tdwroom-redyellow_0012_img,False
pilot_towers_nb4_fr015_SJ000_gr015sph_mono1_dis0_occ0_tdwroom-redyellow_0014_img,False
pilot_towers_nb4_fr015_SJ000_gr015sph_mono1_dis0_occ0_tdwroom-redyellow_0015_img,True
pilot_towers_nb4_fr015_SJ000_gr015sph_mono1_dis0_occ0_tdwroom-redyellow_0016_img,False
pilot_towers_nb4_fr015_SJ000_gr015sph_mono1_dis0_occ0_tdwroom-redyellow_0017_img,False
pilot_towers_nb4_fr015_SJ000_gr015sph_mono1_dis0_occ0_tdwroom-redyellow_0018_img,False
pilot_towers_nb4_fr015_SJ000_gr015sph_mono1_dis0_occ0_tdwroom-redyellow_0019_img,False
pilot_towers_nb4_fr015_SJ000_gr01_mono0_dis1_occ1_tdwroom-redyellow_0000_img,True
pilot_towers_nb4_fr015_SJ000_gr01_mono0_dis1_occ1_tdwroom-redyellow_0001_img,True
pilot_towers_nb4_fr015_SJ000_gr01_mono0_dis1_occ1_tdwroom-redyellow_0003_img,True
pilot_towers_nb4_fr015_SJ000_gr01_mono0_dis1_occ1_tdwroom-redyellow_0004_img,True
pilot_towers_nb4_fr015_SJ000_gr01_mono0_dis1_occ1_tdwroom-redyellow_0008_img,False
pilot_towers_nb4_fr015_SJ000_gr01_mono0_dis1_occ1_tdwroom-redyellow_0009_img,True
pilot_towers_nb4_fr015_SJ000_gr01_mono0_dis1_occ1_tdwroom-redyellow_0010_img,False
pilot_towers_nb4_fr015_SJ000_gr01_mono0_dis1_occ1_tdwroom-redyellow_0012_img,False
pilot_towers_nb4_fr015_SJ000_gr01_mono0_dis1_occ1_tdwroom-redyellow_0014_img,True
pilot_towers_nb4_fr015_SJ000_gr01_mono0_dis1_occ1_tdwroom-redyellow_0015_img,False
pilot_towers_nb4_fr015_SJ000_gr01_mono0_dis1_occ1_tdwroom-redyellow_0016_img,False
pilot_towers_nb4_fr015_SJ000_gr01_mono0_dis1_occ1_tdwroom-redyellow_0017_img,False
pilot_towers_nb4_fr015_SJ000_gr01_mono0_dis1_occ1_tdwroom-redyellow_0019_img,False
pilot_towers_nb4_fr015_SJ000_gr01_mono1_dis0_occ0_boxroom-redyellow_0000_img,False
pilot_towers_nb4_fr015_SJ000_gr01_mono1_dis0_occ0_boxroom-redyellow_0001_img,False
pilot_towers_nb4_fr015_SJ000_gr01_mono1_dis0_occ0_boxroom-redyellow_0002_img,True
pilot_towers_nb4_fr015_SJ000_gr01_mono1_dis0_occ0_boxroom-redyellow_0003_img,False
pilot_towers_nb4_fr015_SJ000_gr01_mono1_dis0_occ0_boxroom-redyellow_0005_img,False
pilot_towers_nb4_fr015_SJ000_gr01_mono1_dis0_occ0_boxroom-redyellow_0006_img,True
pilot_towers_nb4_fr015_SJ000_gr01_mono1_dis0_occ0_boxroom-redyellow_0009_img,True
pilot_towers_nb4_fr015_SJ000_gr01_mono1_dis0_occ0_boxroom-redyellow_0010_img,False
pilot_towers_nb4_fr015_SJ000_gr01_mono1_dis0_occ0_boxroom-redyellow_0011_img,False
pilot_towers_nb4_fr015_SJ000_gr01_mono1_dis0_occ0_boxroom-redyellow_0012_img,False
pilot_towers_nb4_fr015_SJ000_gr01_mono1_dis0_occ0_boxroom-redyellow_0013_img,True
pilot_towers_nb4_fr015_SJ000_gr01_mono1_dis0_occ0_boxroom-redyellow_0014_img,False
pilot_towers_nb4_fr015_SJ000_gr01_mono1_dis0_occ0_boxroom-redyellow_0016_img,False
pilot_towers_nb4_fr015_SJ000_gr01_mono1_dis0_occ0_boxroom-redyellow_0018_img,False
pilot_towers_nb4_fr015_SJ000_gr01_mono1_dis0_occ0_boxroom-redyellow_0019_img,False
pilot_towers_nb5_fr015_SJ030_mono0_dis0_occ0_boxroom-redyellow_0002_img,True
pilot_towers_nb5_fr015_SJ030_mono0_dis0_occ0_boxroom-redyellow_0003_img,False
pilot_towers_nb5_fr015_SJ030_mono0_dis0_occ0_boxroom-redyellow_0004_img,True
pilot_towers_nb5_fr015_SJ030_mono0_dis0_occ0_boxroom-redyellow_0005_img,True
pilot_towers_nb5_fr015_SJ030_mono0_dis0_occ0_boxroom-redyellow_0007_img,True
pilot_towers_nb5_fr015_SJ030_mono0_dis0_occ0_boxroom-redyellow_0008_img,True
pilot_towers_nb5_fr015_SJ030_mono0_dis0_occ0_boxroom-redyellow_0009_img,False
pilot_towers_nb5_fr015_SJ030_mono0_dis0_occ0_boxroom-redyellow_0010_img,True
pilot_towers_nb5_fr015_SJ030_mono0_dis0_occ0_boxroom-redyellow_0012_img,False
pilot_towers_nb5_fr015_SJ030_mono0_dis0_occ0_boxroom-redyellow_0013_img,False
pilot_towers_nb5_fr015_SJ030_mono0_dis0_occ0_boxroom-redyellow_0014_img,False
pilot_towers_nb5_fr015_SJ030_mono0_dis0_occ0_boxroom-redyellow_0015_img,True
pilot_towers_nb5_fr015_SJ030_mono0_dis0_occ0_boxroom-redyellow_0016_img,True
pilot_towers_nb5_fr015_SJ030_mono0_dis0_occ0_boxroom-redyellow_0017_img,False
pilot_towers_nb5_fr015_SJ030_mono0_dis0_occ0_boxroom-redyellow_0018_img,True
pilot_towers_nb5_fr015_SJ030_mono0_dis0_occ0_boxroom-redyellow_0019_img,False
test10-redyellow_0001_img,False
test10-redyellow_0002_img,True
test10-redyellow_0006_img,True
test10-redyellow_0007_img,True
test10-redyellow_0010_img,True
test10-redyellow_0011_img,False
test10-redyellow_0013_img,False
test10-redyellow_0014_img,True
test10-redyellow_0015_img,True
test10-redyellow_0016_img,True
test10-redyellow_0017_img,True
test10-redyellow_0018_img,False
test11-redyellow_0001_img,True
test11-redyellow_0002_img,False
test11-redyellow_0003_img,False
test11-redyellow_0004_img,False
test11-redyellow_0005_img,False
test11-redyellow_0006_img,True
test11-redyellow_0008_img,False
test11-redyellow_0009_img,False
test11-redyellow_0010_img,True
test11-redyellow_0011_img,True
test11-redyellow_0013_img,False
test11-redyellow_0015_img,True
test11-redyellow_0016_img,True
test11-redyellow_0017_img,False
test11-redyellow_0018_img,False
test11-redyellow_0019_img,False
test12-redyellow_0000_img,True
test12-redyellow_0001_img,True
test12-redyellow_0002_img,True
test12-redyellow_0003_img,True
test12-redyellow_0004_img,False
test12-redyellow_0005_img,True
test12-redyellow_0007_img,True
test12-redyellow_0008_img,True
test12-redyellow_0009_img,True
test12-redyellow_0011_img,True
test12-redyellow_0012_img,True
test12-redyellow_0013_img,True
test12-redyellow_0014_img,True
test12-redyellow_0017_img,True
test12-redyellow_0018_img,False
test12-redyellow_0019_img,True
test13-redyellow_0000_img,False
test13-redyellow_0001_img,False
test13-redyellow_0002_img,False
test13-redyellow_0004_img,True
test13-redyellow_0006_img,True
test13-redyellow_0007_img,True
test13-redyellow_0009_img,False
test13-redyellow_0010_img,True
test13-redyellow_0011_img,False
test13-redyellow_0012_img,False
test13-redyellow_0013_img,False
test13-redyellow_0015_img,True
test13-redyellow_0017_img,False
test13-redyellow_0018_img,False
test13-redyellow_0019_img,True
test14-redyellow_0001_img,True
test14-redyellow_0003_img,True
test14-redyellow_0004_img,True
test14-redyellow_0007_img,False
test14-redyellow_0009_img,True
test14-redyellow_0011_img,True
test14-redyellow_0013_img,False
test14-redyellow_0014_img,True
test14-redyellow_0015_img,True
test14-redyellow_0016_img,True
test14-redyellow_0017_img,True
test14-redyellow_0018_img,True
test14-redyellow_0019_img,True
test15-redyellow_0000_img,False
test15-redyellow_0001_img,False
test15-redyellow_0003_img,False
test15-redyellow_0004_img,False
test15-redyellow_0005_img,True
test15-redyellow_0006_img,False
test15-redyellow_0007_img,False
test15-redyellow_0009_img,True
test15-redyellow_0010_img,True
test15-redyellow_0011_img,False
test15-redyellow_0012_img,False
test15-redyellow_0014_img,False
test15-redyellow_0015_img,True
test15-redyellow_0016_img,True
test15-redyellow_0017_img,True
test15-redyellow_0018_img,False
test15-redyellow_0019_img,False
test16-redyellow_0000_img,False
test16-redyellow_0002_img,True
test16-redyellow_0003_img,False
test16-redyellow_0004_img,True
test16-redyellow_0006_img,True
test16-redyellow_0007_img,False
test16-redyellow_0008_img,True
test16-redyellow_0009_img,True
test16-redyellow_0010_img,True
test16-redyellow_0013_img,False
test16-redyellow_0014_img,False
test16-redyellow_0015_img,True
test16-redyellow_0019_img,False
test17-redyellow_0000_img,True
test17-redyellow_0001_img,False
test17-redyellow_0003_img,True
test17-redyellow_0004_img,True
test17-redyellow_0006_img,False
test17-redyellow_0007_img,False
test17-redyellow_0009_img,False
test17-redyellow_0010_img,False
test17-redyellow_0011_img,True
test17-redyellow_0012_img,False
test17-redyellow_0013_img,True
test17-redyellow_0014_img,False
test17-redyellow_0016_img,False
test17-redyellow_0017_img,False
test17-redyellow_0018_img,False
test17-redyellow_0019_img,False
test18-redyellow_0000_img,False
test18-redyellow_0001_img,True
test18-redyellow_0002_img,True
test18-redyellow_0003_img,False
test18-redyellow_0004_img,False
test18-redyellow_0005_img,True
test18-redyellow_0006_img,False
test18-redyellow_0007_img,False
test18-redyellow_0008_img,True
test18-redyellow_0009_img,True
test18-redyellow_0010_img,True
test18-redyellow_0012_img,False
test18-redyellow_0013_img,False
test18-redyellow_0014_img,True
test18-redyellow_0015_img,True
test18-redyellow_0016_img,True
test19-redyellow_0000_img,False
test19-redyellow_0002_img,True
test19-redyellow_0003_img,True
test19-redyellow_0004_img,False
test19-redyellow_0005_img,False
test19-redyellow_0006_img,False
test19-redyellow_0007_img,True
test19-redyellow_0008_img,True
test19-redyellow_0010_img,False
test19-redyellow_0011_img,False
test19-redyellow_0012_img,False
test19-redyellow_0013_img,False
test19-redyellow_0015_img,False
test19-redyellow_0016_img,False
test19-redyellow_0017_img,False
test19-redyellow_0019_img,False
